-- MySQL dump 10.13  Distrib 8.0.37, for Win64 (x86_64)
--
-- Host: localhost    Database: goodservice
-- ------------------------------------------------------
-- Server version	8.0.37

/*!40101 SET @OLD_CHARACTER_SET_CLIENT=@@CHARACTER_SET_CLIENT */;
/*!40101 SET @OLD_CHARACTER_SET_RESULTS=@@CHARACTER_SET_RESULTS */;
/*!40101 SET @OLD_COLLATION_CONNECTION=@@COLLATION_CONNECTION */;
/*!50503 SET NAMES utf8mb4 */;
/*!40103 SET @OLD_TIME_ZONE=@@TIME_ZONE */;
/*!40103 SET TIME_ZONE='+00:00' */;
/*!40014 SET @OLD_UNIQUE_CHECKS=@@UNIQUE_CHECKS, UNIQUE_CHECKS=0 */;
/*!40014 SET @OLD_FOREIGN_KEY_CHECKS=@@FOREIGN_KEY_CHECKS, FOREIGN_KEY_CHECKS=0 */;
/*!40101 SET @OLD_SQL_MODE=@@SQL_MODE, SQL_MODE='NO_AUTO_VALUE_ON_ZERO' */;
/*!40111 SET @OLD_SQL_NOTES=@@SQL_NOTES, SQL_NOTES=0 */;

--
-- Table structure for table `monthly_summary`
--

DROP TABLE IF EXISTS `monthly_summary`;
/*!40101 SET @saved_cs_client     = @@character_set_client */;
/*!50503 SET character_set_client = utf8mb4 */;
CREATE TABLE `monthly_summary` (
  `id` bigint NOT NULL AUTO_INCREMENT,
  `month` char(6) NOT NULL COMMENT 'YYYYMM',
  `region` varchar(100) NOT NULL COMMENT '省-市',
  `service_type` varchar(50) NOT NULL,
  `total_needs` int DEFAULT '0',
  `success_responses` int DEFAULT '0',
  PRIMARY KEY (`id`),
  UNIQUE KEY `uk_month_region_type` (`month`,`region`,`service_type`)
) ENGINE=InnoDB DEFAULT CHARSET=utf8mb4 COLLATE=utf8mb4_0900_ai_ci;
/*!40101 SET character_set_client = @saved_cs_client */;

--
-- Dumping data for table `monthly_summary`
--

LOCK TABLES `monthly_summary` WRITE;
/*!40000 ALTER TABLE `monthly_summary` DISABLE KEYS */;
/*!40000 ALTER TABLE `monthly_summary` ENABLE KEYS */;
UNLOCK TABLES;

--
-- Table structure for table `need`
--

DROP TABLE IF EXISTS `need`;
/*!40101 SET @saved_cs_client     = @@character_set_client */;
/*!50503 SET character_set_client = utf8mb4 */;
CREATE TABLE `need` (
  `need_id` bigint NOT NULL AUTO_INCREMENT,
  `user_id` bigint NOT NULL,
  `region_id` bigint NOT NULL,
  `service_type` varchar(255) DEFAULT NULL,
  `title` varchar(255) DEFAULT NULL,
  `description` varchar(255) DEFAULT NULL,
  `image_url` varchar(255) DEFAULT NULL,
  `video_url` varchar(255) DEFAULT NULL,
  `status` int DEFAULT '0' COMMENT '0-已发布 -1-已取消',
  `create_time` datetime DEFAULT CURRENT_TIMESTAMP,
  `update_time` datetime DEFAULT CURRENT_TIMESTAMP ON UPDATE CURRENT_TIMESTAMP,
  PRIMARY KEY (`need_id`),
  KEY `fk_need_user` (`user_id`),
  KEY `fk_need_region` (`region_id`),
  CONSTRAINT `fk_need_region` FOREIGN KEY (`region_id`) REFERENCES `region` (`region_id`),
  CONSTRAINT `fk_need_user` FOREIGN KEY (`user_id`) REFERENCES `user` (`id`)
) ENGINE=InnoDB AUTO_INCREMENT=605 DEFAULT CHARSET=utf8mb4 COLLATE=utf8mb4_0900_ai_ci;
/*!40101 SET character_set_client = @saved_cs_client */;

--
-- Dumping data for table `need`
--

LOCK TABLES `need` WRITE;
/*!40000 ALTER TABLE `need` DISABLE KEYS */;
INSERT INTO `need` VALUES (2,2,6,'管道维修','213',NULL,NULL,NULL,0,'2025-12-25 23:33:24','2025-12-25 23:48:21'),(3,2,1,'管道维修','434234234','2',NULL,NULL,0,'2025-12-25 23:39:51','2025-12-25 23:39:51'),(4,2,1,'就诊服务','3131231231','1312313123',NULL,NULL,0,'2025-12-26 00:21:59','2025-12-26 00:21:59'),(5,2,2,'其他','其他 - 9771','自动生成描述，需求编号 1',NULL,NULL,0,'2025-04-08 15:22:04','2025-04-09 00:22:04'),(6,3,5,'定期接送服务','定期接送服务 - 2673','自动生成描述，需求编号 2',NULL,NULL,0,'2025-09-07 07:19:43','2025-09-08 13:19:43'),(7,1,3,'就诊服务','就诊服务 - 6844','自动生成描述，需求编号 3',NULL,NULL,0,'2025-06-06 14:03:51','2025-06-07 09:03:51'),(8,1,1,'保洁服务','保洁服务 - 7811','自动生成描述，需求编号 4',NULL,NULL,0,'2025-08-04 01:09:12','2025-08-04 20:09:12'),(9,3,4,'营养餐服务','营养餐服务 - 9444','自动生成描述，需求编号 5',NULL,NULL,0,'2025-01-23 07:55:53','2025-01-25 23:55:53'),(10,3,2,'保洁服务','保洁服务 - 7018','自动生成描述，需求编号 6',NULL,NULL,0,'2025-07-04 17:17:21','2025-07-07 12:17:21'),(11,2,2,'管道维修','管道维修 - 4667','自动生成描述，需求编号 7',NULL,NULL,0,'2025-05-19 17:21:34','2025-05-19 23:21:34'),(12,2,5,'助老服务','助老服务 - 1574','自动生成描述，需求编号 8',NULL,NULL,0,'2025-06-16 05:27:21','2025-06-18 04:27:21'),(13,2,5,'定期接送服务','定期接送服务 - 7723','自动生成描述，需求编号 9',NULL,NULL,-1,'2025-01-21 06:25:56','2025-01-23 16:25:56'),(14,2,5,'其他','其他 - 2426','自动生成描述，需求编号 10',NULL,NULL,-1,'2025-11-14 16:43:42','2025-11-14 21:43:42'),(15,2,3,'保洁服务','保洁服务 - 9521','自动生成描述，需求编号 11',NULL,NULL,0,'2025-06-12 20:16:25','2025-06-14 00:16:25'),(16,2,1,'定期接送服务','定期接送服务 - 1467','自动生成描述，需求编号 12',NULL,NULL,0,'2025-03-11 09:16:48','2025-03-12 08:16:48'),(17,2,3,'助老服务','助老服务 - 9691','自动生成描述，需求编号 13',NULL,NULL,0,'2025-06-19 05:21:41','2025-06-22 02:21:41'),(18,1,1,'管道维修','管道维修 - 2727','自动生成描述，需求编号 14',NULL,NULL,0,'2025-07-02 02:19:52','2025-07-04 19:19:52'),(19,2,5,'助老服务','助老服务 - 7801','自动生成描述，需求编号 15',NULL,NULL,0,'2025-01-07 09:12:28','2025-01-07 14:12:28'),(20,2,1,'定期接送服务','定期接送服务 - 2320','自动生成描述，需求编号 16',NULL,NULL,0,'2025-08-18 14:06:12','2025-08-18 14:06:12'),(21,1,3,'其他','其他 - 6042','自动生成描述，需求编号 17',NULL,NULL,-1,'2025-03-01 18:05:34','2025-03-02 03:05:34'),(22,2,5,'助老服务','助老服务 - 7460','自动生成描述，需求编号 18',NULL,NULL,-1,'2025-03-20 10:16:55','2025-03-23 08:16:55'),(23,2,1,'其他','其他 - 7978','自动生成描述，需求编号 19',NULL,NULL,0,'2025-09-20 22:39:21','2025-09-23 01:39:21'),(24,1,1,'就诊服务','就诊服务 - 4743','自动生成描述，需求编号 20',NULL,NULL,0,'2025-01-16 06:01:21','2025-01-19 00:01:21'),(25,2,2,'定期接送服务','定期接送服务 - 4188','自动生成描述，需求编号 21',NULL,NULL,0,'2025-04-19 14:42:04','2025-04-20 10:42:04'),(26,2,4,'其他','其他 - 9405','自动生成描述，需求编号 22',NULL,NULL,0,'2025-08-08 12:14:25','2025-08-10 05:14:25'),(27,1,4,'其他','其他 - 3550','自动生成描述，需求编号 23',NULL,NULL,0,'2025-04-25 23:03:25','2025-04-27 20:03:25'),(28,1,1,'就诊服务','就诊服务 - 8218','自动生成描述，需求编号 24',NULL,NULL,0,'2025-03-25 01:58:06','2025-03-27 21:58:06'),(29,2,5,'定期接送服务','定期接送服务 - 4412','自动生成描述，需求编号 25',NULL,NULL,0,'2025-09-04 03:46:49','2025-09-07 01:46:49'),(30,3,5,'其他','其他 - 7962','自动生成描述，需求编号 26',NULL,NULL,0,'2025-08-23 16:49:02','2025-08-25 00:49:02'),(31,1,2,'就诊服务','就诊服务 - 1248','自动生成描述，需求编号 27',NULL,NULL,0,'2025-06-19 23:27:20','2025-06-22 01:27:20'),(32,2,1,'定期接送服务','定期接送服务 - 5908','自动生成描述，需求编号 28',NULL,NULL,0,'2025-01-15 13:13:37','2025-01-15 23:13:37'),(33,2,5,'就诊服务','就诊服务 - 6623','自动生成描述，需求编号 29',NULL,NULL,0,'2025-07-01 05:02:32','2025-07-02 23:02:32'),(34,3,1,'管道维修','管道维修 - 4796','自动生成描述，需求编号 30',NULL,NULL,0,'2025-06-25 03:48:36','2025-06-26 14:48:36'),(35,2,2,'保洁服务','保洁服务 - 4584','自动生成描述，需求编号 31',NULL,NULL,0,'2025-02-15 23:20:34','2025-02-16 19:20:34'),(37,1,2,'就诊服务','就诊服务 - 1569','自动生成描述，需求编号 33',NULL,NULL,0,'2025-08-07 03:22:07','2025-08-08 16:22:07'),(38,1,2,'其他','其他 - 1211','自动生成描述，需求编号 34',NULL,NULL,0,'2025-11-03 20:34:12','2025-11-05 01:34:12'),(39,3,5,'助老服务','助老服务 - 4533','自动生成描述，需求编号 35',NULL,NULL,0,'2025-10-16 19:35:18','2025-10-18 18:35:18'),(40,2,1,'就诊服务','就诊服务 - 9587','自动生成描述，需求编号 36',NULL,NULL,0,'2025-09-14 23:54:14','2025-09-16 21:54:14'),(41,3,2,'定期接送服务','定期接送服务 - 6299','自动生成描述，需求编号 37',NULL,NULL,0,'2025-10-22 14:25:46','2025-10-24 15:25:46'),(42,1,1,'定期接送服务','定期接送服务 - 4912','自动生成描述，需求编号 38',NULL,NULL,0,'2025-03-14 12:09:41','2025-03-17 03:09:41'),(43,2,3,'定期接送服务','定期接送服务 - 7322','自动生成描述，需求编号 39',NULL,NULL,0,'2025-03-07 07:38:28','2025-03-08 06:38:28'),(44,1,5,'保洁服务','保洁服务 - 2073','自动生成描述，需求编号 40',NULL,NULL,0,'2025-02-05 12:54:52','2025-02-08 10:54:52'),(45,1,3,'就诊服务','就诊服务 - 9673','自动生成描述，需求编号 41',NULL,NULL,0,'2025-08-25 05:25:24','2025-08-28 05:25:24'),(46,2,1,'其他','其他 - 6697','自动生成描述，需求编号 42',NULL,NULL,0,'2025-03-19 15:14:36','2025-03-20 10:14:36'),(47,2,3,'保洁服务','保洁服务 - 7459','自动生成描述，需求编号 43',NULL,NULL,0,'2025-04-02 21:41:38','2025-04-03 18:41:38'),(48,2,5,'定期接送服务','定期接送服务 - 7219','自动生成描述，需求编号 44',NULL,NULL,0,'2025-03-11 10:48:59','2025-03-13 19:48:59'),(49,3,5,'定期接送服务','定期接送服务 - 2129','自动生成描述，需求编号 45',NULL,NULL,0,'2025-09-01 01:48:30','2025-09-03 21:48:30'),(50,1,1,'管道维修','管道维修 - 9830','自动生成描述，需求编号 46',NULL,NULL,0,'2025-01-11 21:56:09','2025-01-14 07:56:09'),(51,2,4,'管道维修','管道维修 - 5928','自动生成描述，需求编号 47',NULL,NULL,0,'2025-08-10 03:35:58','2025-08-13 00:35:58'),(52,1,2,'管道维修','管道维修 - 9216','自动生成描述，需求编号 48',NULL,NULL,-1,'2025-09-23 12:38:01','2025-09-24 08:38:01'),(53,1,6,'助老服务','助老服务 - 5876','自动生成描述，需求编号 49',NULL,NULL,0,'2025-04-22 21:39:23','2025-04-23 10:39:23'),(54,1,4,'其他','其他 - 6011','自动生成描述，需求编号 50',NULL,NULL,0,'2025-09-02 18:38:05','2025-09-05 08:38:05'),(55,2,3,'就诊服务','就诊服务 - 8851','自动生成描述，需求编号 51',NULL,NULL,0,'2025-04-04 18:08:25','2025-04-05 14:08:25'),(56,2,4,'定期接送服务','定期接送服务 - 2659','自动生成描述，需求编号 52',NULL,NULL,0,'2025-11-20 08:28:43','2025-11-20 23:28:43'),(57,3,4,'就诊服务','就诊服务 - 4616','自动生成描述，需求编号 53',NULL,NULL,0,'2025-04-17 02:47:46','2025-04-17 02:47:46'),(58,3,1,'就诊服务','就诊服务 - 2739','自动生成描述，需求编号 54',NULL,NULL,0,'2025-11-23 19:04:52','2025-11-26 13:04:52'),(59,2,4,'定期接送服务','定期接送服务 - 1771','自动生成描述，需求编号 55',NULL,NULL,0,'2025-02-12 22:07:22','2025-02-14 15:07:22'),(60,3,2,'就诊服务','就诊服务 - 5401','自动生成描述，需求编号 56',NULL,NULL,0,'2025-09-21 05:02:41','2025-09-24 05:02:41'),(61,2,1,'保洁服务','保洁服务 - 5570','自动生成描述，需求编号 57',NULL,NULL,-1,'2025-06-19 09:36:01','2025-06-20 23:36:01'),(62,3,5,'营养餐服务','营养餐服务 - 5599','自动生成描述，需求编号 58',NULL,NULL,0,'2025-08-06 21:13:34','2025-08-08 18:13:34'),(63,3,3,'营养餐服务','营养餐服务 - 1524','自动生成描述，需求编号 59',NULL,NULL,0,'2025-02-22 13:00:24','2025-02-25 03:00:24'),(64,1,4,'保洁服务','保洁服务 - 6404','自动生成描述，需求编号 60',NULL,NULL,0,'2025-12-22 21:45:47','2025-12-23 12:45:47'),(65,3,4,'其他','其他 - 7903','自动生成描述，需求编号 61',NULL,NULL,0,'2025-04-09 05:28:06','2025-04-10 22:28:06'),(66,1,5,'就诊服务','就诊服务 - 5382','自动生成描述，需求编号 62',NULL,NULL,0,'2025-10-25 19:57:49','2025-10-26 10:57:49'),(67,1,3,'其他','其他 - 9819','自动生成描述，需求编号 63',NULL,NULL,0,'2025-12-01 16:38:51','2025-12-02 02:38:51'),(68,3,2,'助老服务','助老服务 - 5004','自动生成描述，需求编号 64',NULL,NULL,0,'2025-10-14 04:41:14','2025-10-14 19:41:14'),(69,1,6,'其他','其他 - 3549','自动生成描述，需求编号 65',NULL,NULL,0,'2025-09-24 20:37:06','2025-09-27 03:37:06'),(70,1,5,'定期接送服务','定期接送服务 - 6453','自动生成描述，需求编号 66',NULL,NULL,0,'2025-11-16 23:59:38','2025-11-17 16:59:38'),(71,3,1,'助老服务','助老服务 - 8413','自动生成描述，需求编号 67',NULL,NULL,0,'2025-03-12 07:04:01','2025-03-13 01:04:01'),(72,3,4,'管道维修','管道维修 - 4735','自动生成描述，需求编号 68',NULL,NULL,0,'2025-12-21 00:05:50','2025-12-21 16:05:50'),(73,2,5,'管道维修','管道维修 - 4280','自动生成描述，需求编号 69',NULL,NULL,0,'2025-10-18 00:52:16','2025-10-20 07:52:16'),(74,1,4,'就诊服务','就诊服务 - 3420','自动生成描述，需求编号 70',NULL,NULL,0,'2025-10-02 02:49:48','2025-10-04 14:49:48'),(75,2,1,'保洁服务','保洁服务 - 2772','自动生成描述，需求编号 71',NULL,NULL,0,'2025-03-19 22:35:14','2025-03-22 12:35:14'),(76,2,1,'定期接送服务','定期接送服务 - 1891','自动生成描述，需求编号 72',NULL,NULL,0,'2025-11-06 23:22:28','2025-11-08 20:22:28'),(77,1,4,'就诊服务','就诊服务 - 9087','自动生成描述，需求编号 73',NULL,NULL,0,'2025-08-02 03:28:39','2025-08-02 21:28:39'),(78,1,6,'管道维修','管道维修 - 7192','自动生成描述，需求编号 74',NULL,NULL,0,'2025-09-09 22:43:20','2025-09-10 03:43:20'),(79,3,1,'营养餐服务','营养餐服务 - 4760','自动生成描述，需求编号 75',NULL,NULL,0,'2025-03-22 07:09:04','2025-03-22 13:09:04'),(80,2,3,'营养餐服务','营养餐服务 - 4187','自动生成描述，需求编号 76',NULL,NULL,0,'2025-12-08 13:02:43','2025-12-10 09:02:43'),(81,3,2,'管道维修','管道维修 - 9592','自动生成描述，需求编号 77',NULL,NULL,0,'2025-11-14 21:31:46','2025-11-17 02:31:46'),(82,1,2,'定期接送服务','定期接送服务 - 1541','自动生成描述，需求编号 78',NULL,NULL,0,'2025-08-09 22:53:27','2025-08-09 23:53:27'),(83,3,4,'保洁服务','保洁服务 - 8627','自动生成描述，需求编号 79',NULL,NULL,0,'2025-07-16 09:20:28','2025-07-16 18:20:28'),(84,1,4,'定期接送服务','定期接送服务 - 4701','自动生成描述，需求编号 80',NULL,NULL,0,'2025-08-13 03:53:58','2025-08-13 19:53:58'),(85,1,1,'营养餐服务','营养餐服务 - 7280','自动生成描述，需求编号 81',NULL,NULL,0,'2025-10-19 12:53:07','2025-10-19 20:53:07'),(86,2,3,'助老服务','助老服务 - 9448','自动生成描述，需求编号 82',NULL,NULL,0,'2025-04-21 00:39:07','2025-04-22 00:39:07'),(87,1,2,'其他','其他 - 2449','自动生成描述，需求编号 83',NULL,NULL,0,'2025-09-03 13:30:54','2025-09-04 15:30:54'),(88,3,5,'定期接送服务','定期接送服务 - 5544','自动生成描述，需求编号 84',NULL,NULL,-1,'2025-05-17 16:17:18','2025-05-19 05:17:18'),(89,2,2,'就诊服务','就诊服务 - 5385','自动生成描述，需求编号 85',NULL,NULL,-1,'2025-04-11 09:02:44','2025-04-11 10:02:44'),(90,1,5,'营养餐服务','营养餐服务 - 4668','自动生成描述，需求编号 86',NULL,NULL,0,'2025-07-18 06:19:00','2025-07-18 21:19:00'),(91,2,1,'就诊服务','就诊服务 - 8397','自动生成描述，需求编号 87',NULL,NULL,0,'2025-05-15 16:05:10','2025-05-17 11:05:10'),(92,3,4,'其他','其他 - 3494','自动生成描述，需求编号 88',NULL,NULL,0,'2025-09-10 14:51:45','2025-09-11 04:51:45'),(93,2,1,'定期接送服务','定期接送服务 - 5867','自动生成描述，需求编号 89',NULL,NULL,0,'2025-12-15 08:37:16','2025-12-15 08:37:16'),(94,2,3,'保洁服务','保洁服务 - 3699','自动生成描述，需求编号 90',NULL,NULL,0,'2025-08-11 11:55:22','2025-08-14 03:55:22'),(95,3,3,'其他','其他 - 8406','自动生成描述，需求编号 91',NULL,NULL,0,'2025-07-14 23:14:06','2025-07-15 02:14:06'),(96,1,3,'保洁服务','保洁服务 - 8063','自动生成描述，需求编号 92',NULL,NULL,0,'2025-04-07 17:59:47','2025-04-08 07:59:47'),(97,3,6,'定期接送服务','定期接送服务 - 3412','自动生成描述，需求编号 93',NULL,NULL,0,'2025-03-05 23:17:56','2025-03-07 19:17:56'),(98,3,5,'助老服务','助老服务 - 2117','自动生成描述，需求编号 94',NULL,NULL,0,'2025-07-06 04:37:43','2025-07-07 15:37:43'),(99,2,4,'定期接送服务','定期接送服务 - 8362','自动生成描述，需求编号 95',NULL,NULL,0,'2025-01-12 07:51:28','2025-01-14 02:51:28'),(100,2,3,'管道维修','管道维修 - 9606','自动生成描述，需求编号 96',NULL,NULL,0,'2025-12-02 09:50:27','2025-12-04 01:50:27'),(101,1,3,'助老服务','助老服务 - 9227','自动生成描述，需求编号 97',NULL,NULL,0,'2025-09-18 11:04:53','2025-09-20 01:04:53'),(102,2,1,'助老服务','助老服务 - 4780','自动生成描述，需求编号 98',NULL,NULL,0,'2025-05-06 12:52:51','2025-05-08 12:52:51'),(103,1,5,'就诊服务','就诊服务 - 7070','自动生成描述，需求编号 99',NULL,NULL,-1,'2025-10-02 17:31:46','2025-10-03 02:31:46'),(104,3,1,'定期接送服务','定期接送服务 - 2589','自动生成描述，需求编号 100',NULL,NULL,0,'2025-10-06 06:07:16','2025-10-08 22:07:16'),(105,1,4,'管道维修','管道维修 - 1663','自动生成描述，需求编号 101',NULL,NULL,-1,'2025-11-08 15:51:39','2025-11-11 13:51:39'),(106,1,1,'营养餐服务','营养餐服务 - 7150','自动生成描述，需求编号 102',NULL,NULL,0,'2025-04-08 14:16:56','2025-04-09 08:16:56'),(107,3,3,'助老服务','助老服务 - 4219','自动生成描述，需求编号 103',NULL,NULL,0,'2025-03-24 06:48:50','2025-03-25 12:48:50'),(108,2,3,'管道维修','管道维修 - 7481','自动生成描述，需求编号 104',NULL,NULL,0,'2025-01-02 06:36:22','2025-01-02 14:36:22'),(109,2,4,'就诊服务','就诊服务 - 7641','自动生成描述，需求编号 105',NULL,NULL,0,'2025-08-17 21:48:34','2025-08-19 00:48:34'),(110,1,4,'管道维修','管道维修 - 7748','自动生成描述，需求编号 106',NULL,NULL,0,'2025-02-09 23:20:21','2025-02-11 05:20:21'),(111,1,4,'营养餐服务','营养餐服务 - 9739','自动生成描述，需求编号 107',NULL,NULL,-1,'2025-09-11 21:21:07','2025-09-14 06:21:07'),(112,3,4,'就诊服务','就诊服务 - 8394','自动生成描述，需求编号 108',NULL,NULL,0,'2025-05-05 19:48:27','2025-05-08 09:48:27'),(113,2,1,'定期接送服务','定期接送服务 - 5069','自动生成描述，需求编号 109',NULL,NULL,0,'2025-07-01 15:23:50','2025-07-03 01:23:50'),(114,2,4,'管道维修','管道维修 - 1377','自动生成描述，需求编号 110',NULL,NULL,0,'2025-02-23 07:36:22','2025-02-25 01:36:22'),(115,1,6,'管道维修','管道维修 - 7884','自动生成描述，需求编号 111',NULL,NULL,0,'2025-08-04 15:11:58','2025-08-06 04:11:58'),(116,2,3,'就诊服务','就诊服务 - 1446','自动生成描述，需求编号 112',NULL,NULL,0,'2025-01-13 03:13:51','2025-01-14 21:13:51'),(117,3,4,'保洁服务','保洁服务 - 6326','自动生成描述，需求编号 113',NULL,NULL,0,'2025-11-24 01:32:53','2025-11-26 05:32:53'),(118,3,5,'就诊服务','就诊服务 - 8796','自动生成描述，需求编号 114',NULL,NULL,0,'2025-04-04 15:53:22','2025-04-06 03:53:22'),(119,3,1,'定期接送服务','定期接送服务 - 9458','自动生成描述，需求编号 115',NULL,NULL,0,'2025-02-18 18:40:12','2025-02-21 12:40:12'),(120,2,6,'就诊服务','就诊服务 - 9139','自动生成描述，需求编号 116',NULL,NULL,0,'2025-11-10 18:04:51','2025-11-13 08:04:51'),(121,2,2,'营养餐服务','营养餐服务 - 3582','自动生成描述，需求编号 117',NULL,NULL,0,'2025-10-14 12:51:36','2025-10-17 00:51:36'),(122,2,4,'助老服务','助老服务 - 3137','自动生成描述，需求编号 118',NULL,NULL,0,'2025-07-21 02:17:57','2025-07-22 01:17:57'),(123,2,3,'其他','其他 - 7815','自动生成描述，需求编号 119',NULL,NULL,0,'2025-10-02 20:18:08','2025-10-04 09:18:08'),(124,2,2,'助老服务','助老服务 - 8392','自动生成描述，需求编号 120',NULL,NULL,-1,'2025-08-01 04:04:38','2025-08-02 22:04:38'),(125,1,5,'定期接送服务','定期接送服务 - 8555','自动生成描述，需求编号 121',NULL,NULL,0,'2025-04-12 13:56:59','2025-04-14 13:56:59'),(126,3,1,'管道维修','管道维修 - 4405','自动生成描述，需求编号 122',NULL,NULL,0,'2025-01-05 23:48:15','2025-01-07 05:48:15'),(127,3,2,'管道维修','管道维修 - 6432','自动生成描述，需求编号 123',NULL,NULL,0,'2025-09-05 23:20:53','2025-09-08 07:20:53'),(128,2,2,'保洁服务','保洁服务 - 6873','自动生成描述，需求编号 124',NULL,NULL,0,'2025-08-03 05:10:22','2025-08-03 07:10:22'),(129,2,6,'其他','其他 - 6934','自动生成描述，需求编号 125',NULL,NULL,0,'2025-08-24 15:55:20','2025-08-24 20:55:20'),(130,3,6,'就诊服务','就诊服务 - 6918','自动生成描述，需求编号 126',NULL,NULL,0,'2025-10-21 06:24:16','2025-10-22 12:24:16'),(131,3,5,'保洁服务','保洁服务 - 1792','自动生成描述，需求编号 127',NULL,NULL,0,'2025-01-15 07:01:20','2025-01-15 15:01:20'),(132,2,6,'其他','其他 - 6844','自动生成描述，需求编号 128',NULL,NULL,0,'2025-06-22 16:59:27','2025-06-25 01:59:27'),(133,3,1,'管道维修','管道维修 - 3696','自动生成描述，需求编号 129',NULL,NULL,0,'2025-05-14 13:28:43','2025-05-16 02:28:43'),(134,1,2,'管道维修','管道维修 - 4935','自动生成描述，需求编号 130',NULL,NULL,0,'2025-07-01 15:21:33','2025-07-01 20:21:33'),(135,2,4,'定期接送服务','定期接送服务 - 5306','自动生成描述，需求编号 131',NULL,NULL,0,'2025-05-21 03:46:40','2025-05-21 19:46:40'),(136,2,4,'其他','其他 - 1456','自动生成描述，需求编号 132',NULL,NULL,0,'2025-12-03 03:23:39','2025-12-04 11:23:39'),(137,1,3,'定期接送服务','定期接送服务 - 9702','自动生成描述，需求编号 133',NULL,NULL,-1,'2025-09-01 19:39:19','2025-09-04 05:39:19'),(138,1,1,'定期接送服务','定期接送服务 - 1151','自动生成描述，需求编号 134',NULL,NULL,0,'2025-03-22 11:18:38','2025-03-23 12:18:38'),(139,2,1,'保洁服务','保洁服务 - 1472','自动生成描述，需求编号 135',NULL,NULL,0,'2025-02-02 15:38:48','2025-02-05 09:38:48'),(140,2,3,'管道维修','管道维修 - 6515','自动生成描述，需求编号 136',NULL,NULL,0,'2025-09-09 10:12:28','2025-09-09 13:12:28'),(141,1,3,'其他','其他 - 8734','自动生成描述，需求编号 137',NULL,NULL,0,'2025-01-01 01:38:31','2025-01-01 05:38:31'),(142,1,6,'就诊服务','就诊服务 - 9202','自动生成描述，需求编号 138',NULL,NULL,0,'2025-03-08 01:58:35','2025-03-09 11:58:35'),(143,1,2,'就诊服务','就诊服务 - 5569','自动生成描述，需求编号 139',NULL,NULL,0,'2025-12-01 04:59:08','2025-12-02 23:59:08'),(144,2,4,'营养餐服务','营养餐服务 - 9400','自动生成描述，需求编号 140',NULL,NULL,0,'2025-12-12 13:13:13','2025-12-13 12:13:13'),(145,3,5,'保洁服务','保洁服务 - 7718','自动生成描述，需求编号 141',NULL,NULL,0,'2025-08-05 05:30:45','2025-08-07 18:30:45'),(146,1,1,'保洁服务','保洁服务 - 9422','自动生成描述，需求编号 142',NULL,NULL,0,'2025-07-02 09:11:37','2025-07-04 20:11:37'),(147,1,3,'助老服务','助老服务 - 4456','自动生成描述，需求编号 143',NULL,NULL,0,'2025-10-03 01:13:22','2025-10-03 13:13:22'),(148,1,6,'营养餐服务','营养餐服务 - 8728','自动生成描述，需求编号 144',NULL,NULL,-1,'2025-03-19 00:37:58','2025-03-21 09:37:58'),(149,2,4,'管道维修','管道维修 - 6013','自动生成描述，需求编号 145',NULL,NULL,0,'2025-05-12 15:06:51','2025-05-13 11:06:51'),(150,3,4,'定期接送服务','定期接送服务 - 6872','自动生成描述，需求编号 146',NULL,NULL,0,'2025-03-01 01:57:44','2025-03-02 03:57:44'),(151,2,1,'营养餐服务','营养餐服务 - 4975','自动生成描述，需求编号 147',NULL,NULL,0,'2025-11-19 03:28:04','2025-11-19 19:28:04'),(152,1,6,'营养餐服务','营养餐服务 - 4835','自动生成描述，需求编号 148',NULL,NULL,0,'2025-07-18 06:01:46','2025-07-18 16:01:46'),(153,1,3,'管道维修','管道维修 - 7366','自动生成描述，需求编号 149',NULL,NULL,0,'2025-10-23 11:40:35','2025-10-25 18:40:35'),(154,3,2,'定期接送服务','定期接送服务 - 9952','自动生成描述，需求编号 150',NULL,NULL,0,'2025-03-08 08:14:58','2025-03-10 00:14:58'),(155,2,5,'管道维修','管道维修 - 4596','自动生成描述，需求编号 151',NULL,NULL,0,'2025-10-22 09:03:16','2025-10-22 10:03:16'),(156,3,1,'营养餐服务','营养餐服务 - 1058','自动生成描述，需求编号 152',NULL,NULL,0,'2025-08-21 20:37:12','2025-08-23 03:37:12'),(157,1,4,'其他','其他 - 9912','自动生成描述，需求编号 153',NULL,NULL,0,'2025-08-23 10:11:01','2025-08-26 10:11:01'),(158,3,1,'管道维修','管道维修 - 3473','自动生成描述，需求编号 154',NULL,NULL,0,'2025-09-17 09:29:59','2025-09-19 15:29:59'),(159,1,6,'定期接送服务','定期接送服务 - 2791','自动生成描述，需求编号 155',NULL,NULL,0,'2025-03-05 00:42:15','2025-03-07 03:42:15'),(160,1,5,'营养餐服务','营养餐服务 - 5328','自动生成描述，需求编号 156',NULL,NULL,0,'2025-01-07 00:46:01','2025-01-09 02:46:01'),(161,1,6,'管道维修','管道维修 - 7547','自动生成描述，需求编号 157',NULL,NULL,0,'2025-07-21 21:05:45','2025-07-22 21:05:45'),(162,1,5,'定期接送服务','定期接送服务 - 6041','自动生成描述，需求编号 158',NULL,NULL,0,'2025-07-10 11:09:32','2025-07-11 21:09:32'),(163,3,1,'定期接送服务','定期接送服务 - 8265','自动生成描述，需求编号 159',NULL,NULL,0,'2025-05-09 06:59:33','2025-05-10 13:59:33'),(164,2,2,'定期接送服务','定期接送服务 - 7206','自动生成描述，需求编号 160',NULL,NULL,0,'2025-10-05 15:20:37','2025-10-07 04:20:37'),(165,3,6,'管道维修','管道维修 - 9445','自动生成描述，需求编号 161',NULL,NULL,0,'2025-11-15 11:17:25','2025-11-16 03:17:25'),(166,2,2,'助老服务','助老服务 - 8565','自动生成描述，需求编号 162',NULL,NULL,0,'2025-03-06 12:18:03','2025-03-07 13:18:03'),(167,1,3,'定期接送服务','定期接送服务 - 5785','自动生成描述，需求编号 163',NULL,NULL,0,'2025-05-01 17:23:03','2025-05-04 02:23:03'),(168,2,3,'其他','其他 - 6478','自动生成描述，需求编号 164',NULL,NULL,0,'2025-05-04 15:14:04','2025-05-05 10:14:04'),(169,3,5,'营养餐服务','营养餐服务 - 5037','自动生成描述，需求编号 165',NULL,NULL,0,'2025-07-16 17:39:44','2025-07-16 21:39:44'),(170,1,6,'助老服务','助老服务 - 7120','自动生成描述，需求编号 166',NULL,NULL,0,'2025-08-03 13:12:22','2025-08-05 14:12:22'),(171,3,6,'保洁服务','保洁服务 - 8229','自动生成描述，需求编号 167',NULL,NULL,0,'2025-01-23 01:09:37','2025-01-25 18:09:37'),(172,1,3,'管道维修','管道维修 - 2474','自动生成描述，需求编号 168',NULL,NULL,0,'2025-05-04 19:14:01','2025-05-07 04:14:01'),(173,1,6,'管道维修','管道维修 - 4951','自动生成描述，需求编号 169',NULL,NULL,0,'2025-03-23 07:04:22','2025-03-25 02:04:22'),(174,1,4,'就诊服务','就诊服务 - 9594','自动生成描述，需求编号 170',NULL,NULL,0,'2025-08-15 21:56:22','2025-08-17 10:56:22'),(175,1,4,'管道维修','管道维修 - 8098','自动生成描述，需求编号 171',NULL,NULL,0,'2025-09-03 00:45:32','2025-09-05 21:45:32'),(176,2,6,'管道维修','管道维修 - 2887','自动生成描述，需求编号 172',NULL,NULL,0,'2025-11-12 19:42:54','2025-11-13 10:42:54'),(177,3,1,'助老服务','助老服务 - 8647','自动生成描述，需求编号 173',NULL,NULL,0,'2025-04-14 10:43:15','2025-04-14 20:43:15'),(178,1,4,'管道维修','管道维修 - 6292','自动生成描述，需求编号 174',NULL,NULL,0,'2025-04-03 03:43:10','2025-04-05 01:43:10'),(179,3,2,'其他','其他 - 3316','自动生成描述，需求编号 175',NULL,NULL,0,'2025-09-14 11:00:37','2025-09-15 13:00:37'),(180,2,3,'就诊服务','就诊服务 - 8925','自动生成描述，需求编号 176',NULL,NULL,0,'2025-12-13 20:21:51','2025-12-15 01:21:51'),(181,3,1,'定期接送服务','定期接送服务 - 9805','自动生成描述，需求编号 177',NULL,NULL,0,'2025-06-23 08:52:42','2025-06-25 18:52:42'),(182,1,4,'助老服务','助老服务 - 8139','自动生成描述，需求编号 178',NULL,NULL,0,'2025-08-04 15:11:30','2025-08-05 23:11:30'),(183,3,5,'保洁服务','保洁服务 - 6183','自动生成描述，需求编号 179',NULL,NULL,0,'2025-02-03 20:42:31','2025-02-06 08:42:31'),(184,3,6,'营养餐服务','营养餐服务 - 9848','自动生成描述，需求编号 180',NULL,NULL,0,'2025-10-09 03:18:15','2025-10-09 18:18:15'),(185,3,1,'助老服务','助老服务 - 8078','自动生成描述，需求编号 181',NULL,NULL,0,'2025-05-17 05:44:23','2025-05-19 13:44:23'),(186,2,6,'助老服务','助老服务 - 1746','自动生成描述，需求编号 182',NULL,NULL,0,'2025-06-07 18:27:08','2025-06-10 16:27:08'),(187,2,3,'管道维修','管道维修 - 7004','自动生成描述，需求编号 183',NULL,NULL,0,'2025-05-09 06:48:01','2025-05-11 15:48:01'),(188,2,6,'其他','其他 - 5546','自动生成描述，需求编号 184',NULL,NULL,0,'2025-11-12 02:27:09','2025-11-14 09:27:09'),(189,2,5,'保洁服务','保洁服务 - 3772','自动生成描述，需求编号 185',NULL,NULL,0,'2025-11-06 05:26:56','2025-11-07 06:26:56'),(190,2,2,'管道维修','管道维修 - 9059','自动生成描述，需求编号 186',NULL,NULL,0,'2025-06-13 12:28:07','2025-06-14 14:28:07'),(191,2,1,'营养餐服务','营养餐服务 - 3978','自动生成描述，需求编号 187',NULL,NULL,-1,'2025-11-19 13:42:11','2025-11-19 19:42:11'),(192,2,4,'保洁服务','保洁服务 - 4634','自动生成描述，需求编号 188',NULL,NULL,0,'2025-06-13 22:06:33','2025-06-14 16:06:33'),(193,1,5,'就诊服务','就诊服务 - 2187','自动生成描述，需求编号 189',NULL,NULL,0,'2025-10-05 02:12:18','2025-10-06 12:12:18'),(194,1,5,'管道维修','管道维修 - 3936','自动生成描述，需求编号 190',NULL,NULL,0,'2025-12-20 11:39:51','2025-12-22 03:39:51'),(195,3,5,'其他','其他 - 2617','自动生成描述，需求编号 191',NULL,NULL,0,'2025-01-22 12:09:40','2025-01-24 12:09:40'),(196,3,1,'就诊服务','就诊服务 - 2662','自动生成描述，需求编号 192',NULL,NULL,0,'2025-12-25 19:34:00','2025-12-26 14:34:00'),(197,3,5,'助老服务','助老服务 - 6824','自动生成描述，需求编号 193',NULL,NULL,0,'2025-05-25 04:57:40','2025-05-26 03:57:40'),(198,3,3,'保洁服务','保洁服务 - 8018','自动生成描述，需求编号 194',NULL,NULL,0,'2025-03-08 00:36:15','2025-03-10 19:36:15'),(199,2,3,'就诊服务','就诊服务 - 2637','自动生成描述，需求编号 195',NULL,NULL,0,'2025-12-10 01:39:07','2025-12-13 00:39:07'),(200,3,5,'就诊服务','就诊服务 - 1128','自动生成描述，需求编号 196',NULL,NULL,0,'2025-08-04 09:18:26','2025-08-05 06:18:26'),(201,3,6,'其他','其他 - 6585','自动生成描述，需求编号 197',NULL,NULL,0,'2025-03-09 00:46:44','2025-03-09 06:46:44'),(202,3,1,'保洁服务','保洁服务 - 1568','自动生成描述，需求编号 198',NULL,NULL,0,'2025-03-07 07:21:25','2025-03-09 11:21:25'),(203,2,6,'其他','其他 - 9270','自动生成描述，需求编号 199',NULL,NULL,0,'2025-11-14 00:20:08','2025-11-16 17:20:08'),(204,1,2,'保洁服务','保洁服务 - 5473','自动生成描述，需求编号 200',NULL,NULL,0,'2025-11-04 12:03:08','2025-11-05 02:03:08'),(205,2,2,'营养餐服务','营养餐服务 - 3973','自动生成描述，需求编号 201',NULL,NULL,0,'2025-06-25 21:17:57','2025-06-25 21:17:57'),(206,1,1,'其他','其他 - 5153','自动生成描述，需求编号 202',NULL,NULL,0,'2025-06-05 01:36:28','2025-06-07 00:36:28'),(207,3,5,'就诊服务','就诊服务 - 6190','自动生成描述，需求编号 203',NULL,NULL,0,'2025-12-09 18:52:55','2025-12-10 16:52:55'),(208,1,1,'其他','其他 - 8043','自动生成描述，需求编号 204',NULL,NULL,0,'2025-09-02 17:12:02','2025-09-03 12:12:02'),(209,1,2,'保洁服务','保洁服务 - 9347','自动生成描述，需求编号 205',NULL,NULL,0,'2025-11-01 07:53:18','2025-11-04 06:53:18'),(210,3,6,'营养餐服务','营养餐服务 - 3422','自动生成描述，需求编号 206',NULL,NULL,0,'2025-08-19 05:40:04','2025-08-19 19:40:04'),(211,1,4,'其他','其他 - 5515','自动生成描述，需求编号 207',NULL,NULL,0,'2025-04-03 22:40:06','2025-04-05 09:40:06'),(212,3,6,'其他','其他 - 3400','自动生成描述，需求编号 208',NULL,NULL,0,'2025-07-08 03:51:34','2025-07-09 08:51:34'),(213,1,2,'管道维修','管道维修 - 1769','自动生成描述，需求编号 209',NULL,NULL,0,'2025-03-22 08:37:23','2025-03-24 18:37:23'),(214,2,5,'保洁服务','保洁服务 - 8958','自动生成描述，需求编号 210',NULL,NULL,0,'2025-04-05 12:53:28','2025-04-08 11:53:28'),(215,3,6,'其他','其他 - 7346','自动生成描述，需求编号 211',NULL,NULL,0,'2025-10-14 03:40:20','2025-10-15 21:40:20'),(216,2,5,'管道维修','管道维修 - 7291','自动生成描述，需求编号 212',NULL,NULL,0,'2025-06-14 08:45:41','2025-06-17 02:45:41'),(217,1,2,'定期接送服务','定期接送服务 - 6428','自动生成描述，需求编号 213',NULL,NULL,0,'2025-03-17 01:37:38','2025-03-19 14:37:38'),(218,1,4,'定期接送服务','定期接送服务 - 3598','自动生成描述，需求编号 214',NULL,NULL,0,'2025-08-12 00:37:33','2025-08-13 09:37:33'),(219,3,4,'管道维修','管道维修 - 5455','自动生成描述，需求编号 215',NULL,NULL,0,'2025-01-12 08:16:19','2025-01-14 02:16:19'),(220,3,5,'管道维修','管道维修 - 9605','自动生成描述，需求编号 216',NULL,NULL,0,'2025-10-25 03:49:52','2025-10-27 18:49:52'),(221,3,5,'定期接送服务','定期接送服务 - 4764','自动生成描述，需求编号 217',NULL,NULL,-1,'2025-11-20 20:24:25','2025-11-21 00:24:25'),(222,1,3,'保洁服务','保洁服务 - 9226','自动生成描述，需求编号 218',NULL,NULL,0,'2025-05-19 02:58:52','2025-05-21 05:58:52'),(223,2,2,'营养餐服务','营养餐服务 - 7414','自动生成描述，需求编号 219',NULL,NULL,0,'2025-08-04 10:25:54','2025-08-05 19:25:54'),(224,2,2,'营养餐服务','营养餐服务 - 7657','自动生成描述，需求编号 220',NULL,NULL,0,'2025-09-05 21:34:13','2025-09-08 08:34:13'),(225,3,3,'保洁服务','保洁服务 - 1117','自动生成描述，需求编号 221',NULL,NULL,0,'2025-07-04 17:34:50','2025-07-07 17:34:50'),(226,1,5,'其他','其他 - 5114','自动生成描述，需求编号 222',NULL,NULL,0,'2025-09-03 01:09:36','2025-09-04 18:09:36'),(227,1,4,'就诊服务','就诊服务 - 4802','自动生成描述，需求编号 223',NULL,NULL,0,'2025-09-25 11:50:51','2025-09-28 05:50:51'),(228,1,5,'营养餐服务','营养餐服务 - 5760','自动生成描述，需求编号 224',NULL,NULL,0,'2025-03-09 09:03:21','2025-03-11 00:03:21'),(229,2,5,'营养餐服务','营养餐服务 - 5913','自动生成描述，需求编号 225',NULL,NULL,0,'2025-06-11 08:26:38','2025-06-13 15:26:38'),(230,2,6,'定期接送服务','定期接送服务 - 5826','自动生成描述，需求编号 226',NULL,NULL,0,'2025-05-04 07:41:34','2025-05-05 08:41:34'),(231,2,6,'定期接送服务','定期接送服务 - 3963','自动生成描述，需求编号 227',NULL,NULL,0,'2025-10-18 07:09:30','2025-10-20 17:09:30'),(232,3,5,'管道维修','管道维修 - 7055','自动生成描述，需求编号 228',NULL,NULL,0,'2025-02-06 18:36:18','2025-02-07 00:36:18'),(233,1,5,'其他','其他 - 5143','自动生成描述，需求编号 229',NULL,NULL,0,'2025-04-06 09:33:04','2025-04-06 13:33:04'),(234,3,1,'营养餐服务','营养餐服务 - 7487','自动生成描述，需求编号 230',NULL,NULL,0,'2025-04-22 19:42:55','2025-04-22 22:42:55'),(235,3,5,'管道维修','管道维修 - 9015','自动生成描述，需求编号 231',NULL,NULL,0,'2025-02-04 20:29:01','2025-02-07 14:29:01'),(236,1,1,'就诊服务','就诊服务 - 5513','自动生成描述，需求编号 232',NULL,NULL,0,'2025-01-13 20:15:41','2025-01-15 22:15:41'),(237,3,2,'其他','其他 - 6649','自动生成描述，需求编号 233',NULL,NULL,0,'2025-10-21 08:52:06','2025-10-21 13:52:06'),(238,1,6,'定期接送服务','定期接送服务 - 9791','自动生成描述，需求编号 234',NULL,NULL,0,'2025-02-23 11:59:47','2025-02-24 13:59:47'),(239,2,6,'管道维修','管道维修 - 9214','自动生成描述，需求编号 235',NULL,NULL,0,'2025-10-24 08:39:31','2025-10-25 23:39:31'),(240,3,1,'定期接送服务','定期接送服务 - 3957','自动生成描述，需求编号 236',NULL,NULL,0,'2025-06-14 17:02:34','2025-06-15 06:02:34'),(241,3,3,'定期接送服务','定期接送服务 - 5247','自动生成描述，需求编号 237',NULL,NULL,0,'2025-02-12 06:15:25','2025-02-13 07:15:25'),(242,2,6,'助老服务','助老服务 - 6315','自动生成描述，需求编号 238',NULL,NULL,0,'2025-08-16 16:10:13','2025-08-18 16:10:13'),(243,1,3,'就诊服务','就诊服务 - 6145','自动生成描述，需求编号 239',NULL,NULL,0,'2025-02-25 03:21:40','2025-02-27 01:21:40'),(244,2,2,'助老服务','助老服务 - 4708','自动生成描述，需求编号 240',NULL,NULL,0,'2025-12-23 17:10:25','2025-12-25 19:10:25'),(245,1,4,'营养餐服务','营养餐服务 - 2865','自动生成描述，需求编号 241',NULL,NULL,-1,'2025-09-19 07:02:50','2025-09-21 08:02:50'),(246,1,2,'其他','其他 - 1183','自动生成描述，需求编号 242',NULL,NULL,0,'2025-02-02 14:35:03','2025-02-03 03:35:03'),(247,1,1,'管道维修','管道维修 - 2526','自动生成描述，需求编号 243',NULL,NULL,0,'2025-07-17 02:47:00','2025-07-19 19:47:00'),(248,3,3,'助老服务','助老服务 - 2359','自动生成描述，需求编号 244',NULL,NULL,0,'2025-10-19 06:16:02','2025-10-20 11:16:02'),(249,3,3,'管道维修','管道维修 - 7639','自动生成描述，需求编号 245',NULL,NULL,0,'2025-09-09 18:03:53','2025-09-10 12:03:53'),(250,3,4,'管道维修','管道维修 - 1549','自动生成描述，需求编号 246',NULL,NULL,0,'2025-08-04 16:51:38','2025-08-07 15:51:38'),(251,3,4,'其他','其他 - 2388','自动生成描述，需求编号 247',NULL,NULL,0,'2025-10-24 00:49:33','2025-10-24 21:49:33'),(252,3,3,'助老服务','助老服务 - 2693','自动生成描述，需求编号 248',NULL,NULL,0,'2025-06-13 09:19:16','2025-06-13 20:19:16'),(253,2,3,'其他','其他 - 7426','自动生成描述，需求编号 249',NULL,NULL,0,'2025-06-23 13:30:26','2025-06-23 18:30:26'),(254,2,4,'管道维修','管道维修 - 6064','自动生成描述，需求编号 250',NULL,NULL,0,'2025-06-17 20:39:10','2025-06-19 02:39:10'),(255,2,6,'助老服务','助老服务 - 9630','自动生成描述，需求编号 251',NULL,NULL,0,'2025-12-16 00:39:35','2025-12-17 01:39:35'),(256,1,4,'就诊服务','就诊服务 - 5945','自动生成描述，需求编号 252',NULL,NULL,0,'2025-03-06 22:02:03','2025-03-09 09:02:03'),(257,1,4,'就诊服务','就诊服务 - 3484','自动生成描述，需求编号 253',NULL,NULL,0,'2025-10-20 04:35:46','2025-10-22 05:35:46'),(258,2,6,'管道维修','管道维修 - 6514','自动生成描述，需求编号 254',NULL,NULL,0,'2025-09-08 02:50:23','2025-09-09 17:50:23'),(259,1,4,'管道维修','管道维修 - 9776','自动生成描述，需求编号 255',NULL,NULL,0,'2025-06-24 14:09:07','2025-06-26 19:09:07'),(260,2,6,'其他','其他 - 3721','自动生成描述，需求编号 256',NULL,NULL,-1,'2025-08-03 21:01:30','2025-08-05 09:01:30'),(261,1,3,'其他','其他 - 3747','自动生成描述，需求编号 257',NULL,NULL,0,'2025-03-06 19:38:28','2025-03-08 00:38:28'),(262,1,6,'其他','其他 - 8741','自动生成描述，需求编号 258',NULL,NULL,0,'2025-11-06 04:52:31','2025-11-07 12:52:31'),(263,2,1,'助老服务','助老服务 - 1320','自动生成描述，需求编号 259',NULL,NULL,0,'2025-04-19 12:12:58','2025-04-20 19:12:58'),(264,2,4,'保洁服务','保洁服务 - 4404','自动生成描述，需求编号 260',NULL,NULL,0,'2025-09-18 15:59:11','2025-09-19 07:59:11'),(265,1,6,'保洁服务','保洁服务 - 2745','自动生成描述，需求编号 261',NULL,NULL,0,'2025-02-21 18:15:11','2025-02-22 01:15:11'),(266,1,3,'其他','其他 - 6484','自动生成描述，需求编号 262',NULL,NULL,-1,'2025-11-01 06:43:01','2025-11-03 11:43:01'),(267,2,6,'营养餐服务','营养餐服务 - 5857','自动生成描述，需求编号 263',NULL,NULL,0,'2025-11-05 12:26:08','2025-11-05 23:26:08'),(268,3,1,'就诊服务','就诊服务 - 7642','自动生成描述，需求编号 264',NULL,NULL,0,'2025-11-02 04:17:31','2025-11-02 07:17:31'),(269,1,2,'其他','其他 - 3444','自动生成描述，需求编号 265',NULL,NULL,0,'2025-06-09 03:05:51','2025-06-10 07:05:51'),(270,2,3,'保洁服务','保洁服务 - 6415','自动生成描述，需求编号 266',NULL,NULL,0,'2025-03-14 15:35:57','2025-03-15 06:35:57'),(271,3,4,'营养餐服务','营养餐服务 - 7404','自动生成描述，需求编号 267',NULL,NULL,0,'2025-08-07 15:00:56','2025-08-07 15:00:56'),(272,1,1,'就诊服务','就诊服务 - 8328','自动生成描述，需求编号 268',NULL,NULL,0,'2025-10-04 15:11:12','2025-10-04 18:11:12'),(273,1,3,'管道维修','管道维修 - 7145','自动生成描述，需求编号 269',NULL,NULL,0,'2025-09-06 11:28:21','2025-09-07 12:28:21'),(274,1,6,'就诊服务','就诊服务 - 4111','自动生成描述，需求编号 270',NULL,NULL,0,'2025-09-09 13:24:01','2025-09-12 05:24:01'),(275,2,5,'其他','其他 - 8459','自动生成描述，需求编号 271',NULL,NULL,0,'2025-07-04 13:47:30','2025-07-06 08:47:30'),(276,1,1,'保洁服务','保洁服务 - 4552','自动生成描述，需求编号 272',NULL,NULL,0,'2025-11-05 02:56:07','2025-11-07 01:56:07'),(277,3,4,'营养餐服务','营养餐服务 - 5290','自动生成描述，需求编号 273',NULL,NULL,0,'2025-07-12 18:54:56','2025-07-13 11:54:56'),(278,1,2,'定期接送服务','定期接送服务 - 3343','自动生成描述，需求编号 274',NULL,NULL,0,'2025-11-23 18:22:56','2025-11-25 11:22:56'),(279,2,3,'定期接送服务','定期接送服务 - 3332','自动生成描述，需求编号 275',NULL,NULL,0,'2025-12-24 10:08:27','2025-12-25 15:08:27'),(280,1,1,'其他','其他 - 9546','自动生成描述，需求编号 276',NULL,NULL,0,'2025-06-15 04:15:39','2025-06-16 11:15:39'),(281,1,6,'就诊服务','就诊服务 - 3132','自动生成描述，需求编号 277',NULL,NULL,-1,'2025-07-16 08:55:23','2025-07-17 03:55:23'),(282,3,6,'其他','其他 - 3715','自动生成描述，需求编号 278',NULL,NULL,0,'2025-02-09 18:33:30','2025-02-11 17:33:30'),(283,3,5,'管道维修','管道维修 - 1476','自动生成描述，需求编号 279',NULL,NULL,0,'2025-07-03 02:17:17','2025-07-03 08:17:17'),(284,1,2,'保洁服务','保洁服务 - 6018','自动生成描述，需求编号 280',NULL,NULL,0,'2025-09-11 23:56:38','2025-09-12 03:56:38'),(285,1,5,'保洁服务','保洁服务 - 2342','自动生成描述，需求编号 281',NULL,NULL,0,'2025-10-22 09:10:18','2025-10-25 07:10:18'),(286,3,1,'定期接送服务','定期接送服务 - 6832','自动生成描述，需求编号 282',NULL,NULL,0,'2025-05-16 06:08:35','2025-05-17 21:08:35'),(287,1,5,'管道维修','管道维修 - 1211','自动生成描述，需求编号 283',NULL,NULL,0,'2025-08-19 13:11:54','2025-08-21 15:11:54'),(288,1,1,'保洁服务','保洁服务 - 7389','自动生成描述，需求编号 284',NULL,NULL,0,'2025-03-11 03:27:26','2025-03-11 14:27:26'),(289,1,4,'助老服务','助老服务 - 7269','自动生成描述，需求编号 285',NULL,NULL,0,'2025-04-13 09:19:24','2025-04-14 05:19:24'),(290,3,2,'就诊服务','就诊服务 - 9471','自动生成描述，需求编号 286',NULL,NULL,0,'2025-04-07 06:26:50','2025-04-09 15:26:50'),(291,1,5,'保洁服务','保洁服务 - 1481','自动生成描述，需求编号 287',NULL,NULL,0,'2025-08-05 21:46:06','2025-08-07 03:46:06'),(292,2,3,'定期接送服务','定期接送服务 - 6383','自动生成描述，需求编号 288',NULL,NULL,0,'2025-12-06 01:52:01','2025-12-07 11:52:01'),(293,1,2,'其他','其他 - 5290','自动生成描述，需求编号 289',NULL,NULL,0,'2025-12-10 04:34:04','2025-12-11 00:34:04'),(294,2,4,'保洁服务','保洁服务 - 5621','自动生成描述，需求编号 290',NULL,NULL,0,'2025-01-19 20:16:18','2025-01-20 14:16:18'),(295,3,3,'其他','其他 - 3234','自动生成描述，需求编号 291',NULL,NULL,0,'2025-04-04 18:59:59','2025-04-06 14:59:59'),(296,3,2,'保洁服务','保洁服务 - 8441','自动生成描述，需求编号 292',NULL,NULL,0,'2025-07-23 21:20:32','2025-07-24 18:20:32'),(297,3,2,'定期接送服务','定期接送服务 - 2537','自动生成描述，需求编号 293',NULL,NULL,0,'2025-10-23 07:47:01','2025-10-23 16:47:01'),(298,2,5,'其他','其他 - 8320','自动生成描述，需求编号 294',NULL,NULL,0,'2025-09-02 18:54:16','2025-09-04 07:54:16'),(299,2,3,'助老服务','助老服务 - 4808','自动生成描述，需求编号 295',NULL,NULL,0,'2025-01-09 06:24:30','2025-01-11 14:24:30'),(300,3,1,'营养餐服务','营养餐服务 - 7721','自动生成描述，需求编号 296',NULL,NULL,-1,'2025-05-20 03:22:26','2025-05-22 19:22:26'),(301,3,1,'就诊服务','就诊服务 - 5995','自动生成描述，需求编号 297',NULL,NULL,0,'2025-04-03 13:24:27','2025-04-04 01:24:27'),(302,1,2,'管道维修','管道维修 - 9374','自动生成描述，需求编号 298',NULL,NULL,0,'2025-03-23 06:36:51','2025-03-23 12:36:51'),(303,3,6,'管道维修','管道维修 - 6558','自动生成描述，需求编号 299',NULL,NULL,-1,'2025-03-14 04:01:04','2025-03-15 18:01:04'),(304,1,6,'管道维修','管道维修 - 4608','自动生成描述，需求编号 300',NULL,NULL,0,'2025-10-13 16:51:33','2025-10-14 06:51:33'),(305,2,5,'管道维修','管道维修 - 1728','自动生成描述，需求编号 301',NULL,NULL,0,'2025-03-01 13:01:42','2025-03-04 07:01:42'),(306,2,5,'保洁服务','保洁服务 - 1799','自动生成描述，需求编号 302',NULL,NULL,0,'2025-10-16 14:04:10','2025-10-17 20:04:10'),(307,1,1,'管道维修','管道维修 - 6527','自动生成描述，需求编号 303',NULL,NULL,0,'2025-04-15 14:21:02','2025-04-15 21:21:02'),(308,2,4,'其他','其他 - 5454','自动生成描述，需求编号 304',NULL,NULL,0,'2025-03-03 20:21:39','2025-03-06 06:21:39'),(309,1,4,'就诊服务','就诊服务 - 5989','自动生成描述，需求编号 305',NULL,NULL,0,'2025-03-11 05:08:22','2025-03-13 20:08:22'),(310,2,4,'保洁服务','保洁服务 - 5983','自动生成描述，需求编号 306',NULL,NULL,0,'2025-01-15 16:21:59','2025-01-18 11:21:59'),(311,1,5,'定期接送服务','定期接送服务 - 9925','自动生成描述，需求编号 307',NULL,NULL,0,'2025-05-21 07:04:48','2025-05-24 05:04:48'),(312,2,3,'助老服务','助老服务 - 5939','自动生成描述，需求编号 308',NULL,NULL,0,'2025-10-19 23:17:39','2025-10-22 15:17:39'),(313,1,6,'定期接送服务','定期接送服务 - 4428','自动生成描述，需求编号 309',NULL,NULL,-1,'2025-12-14 23:11:33','2025-12-17 13:11:33'),(314,3,6,'助老服务','助老服务 - 7293','自动生成描述，需求编号 310',NULL,NULL,0,'2025-01-22 12:54:04','2025-01-25 02:54:04'),(315,1,6,'营养餐服务','营养餐服务 - 5751','自动生成描述，需求编号 311',NULL,NULL,0,'2025-04-18 04:00:54','2025-04-19 12:00:54'),(316,3,2,'营养餐服务','营养餐服务 - 2784','自动生成描述，需求编号 312',NULL,NULL,0,'2025-09-25 21:05:37','2025-09-26 13:05:37'),(317,1,2,'营养餐服务','营养餐服务 - 1004','自动生成描述，需求编号 313',NULL,NULL,0,'2025-02-10 02:49:57','2025-02-12 22:49:57'),(318,3,3,'保洁服务','保洁服务 - 9415','自动生成描述，需求编号 314',NULL,NULL,0,'2025-05-11 01:00:37','2025-05-11 18:00:37'),(319,2,1,'管道维修','管道维修 - 1437','自动生成描述，需求编号 315',NULL,NULL,0,'2025-01-02 08:21:24','2025-01-02 20:21:24'),(320,3,6,'就诊服务','就诊服务 - 1441','自动生成描述，需求编号 316',NULL,NULL,0,'2025-05-07 19:37:00','2025-05-08 23:37:00'),(321,3,6,'其他','其他 - 3589','自动生成描述，需求编号 317',NULL,NULL,0,'2025-06-05 03:08:09','2025-06-05 05:08:09'),(322,3,1,'营养餐服务','营养餐服务 - 3086','自动生成描述，需求编号 318',NULL,NULL,0,'2025-06-20 17:44:10','2025-06-21 22:44:10'),(323,2,3,'助老服务','助老服务 - 8429','自动生成描述，需求编号 319',NULL,NULL,0,'2025-05-11 05:20:21','2025-05-12 01:20:21'),(324,2,4,'就诊服务','就诊服务 - 9377','自动生成描述，需求编号 320',NULL,NULL,-1,'2025-06-23 08:33:22','2025-06-24 00:33:22'),(325,2,1,'管道维修','管道维修 - 7566','自动生成描述，需求编号 321',NULL,NULL,0,'2025-03-07 05:49:22','2025-03-09 09:49:22'),(326,2,1,'就诊服务','就诊服务 - 7644','自动生成描述，需求编号 322',NULL,NULL,0,'2025-11-19 21:29:57','2025-11-21 22:29:57'),(327,1,1,'保洁服务','保洁服务 - 1628','自动生成描述，需求编号 323',NULL,NULL,-1,'2025-03-13 06:57:15','2025-03-13 07:57:15'),(328,2,4,'就诊服务','就诊服务 - 5394','自动生成描述，需求编号 324',NULL,NULL,0,'2025-05-23 03:33:12','2025-05-23 11:33:12'),(329,1,5,'定期接送服务','定期接送服务 - 1219','自动生成描述，需求编号 325',NULL,NULL,0,'2025-11-03 15:20:54','2025-11-05 22:20:54'),(330,1,1,'营养餐服务','营养餐服务 - 3500','自动生成描述，需求编号 326',NULL,NULL,0,'2025-03-09 14:15:00','2025-03-12 12:15:00'),(331,2,2,'管道维修','管道维修 - 2053','自动生成描述，需求编号 327',NULL,NULL,0,'2025-04-24 10:12:03','2025-04-24 16:12:03'),(332,3,4,'就诊服务','就诊服务 - 3203','自动生成描述，需求编号 328',NULL,NULL,0,'2025-06-05 23:51:00','2025-06-06 12:51:00'),(333,2,3,'管道维修','管道维修 - 7167','自动生成描述，需求编号 329',NULL,NULL,0,'2025-11-06 01:52:31','2025-11-07 08:52:31'),(334,3,1,'定期接送服务','定期接送服务 - 7674','自动生成描述，需求编号 330',NULL,NULL,0,'2025-04-12 13:45:41','2025-04-14 21:45:41'),(335,1,2,'管道维修','管道维修 - 3168','自动生成描述，需求编号 331',NULL,NULL,0,'2025-03-03 23:57:03','2025-03-06 07:57:03'),(336,3,1,'管道维修','管道维修 - 8822','自动生成描述，需求编号 332',NULL,NULL,0,'2025-10-04 16:32:43','2025-10-05 05:32:43'),(337,3,2,'助老服务','助老服务 - 5341','自动生成描述，需求编号 333',NULL,NULL,0,'2025-12-02 01:31:11','2025-12-04 21:31:11'),(338,1,6,'管道维修','管道维修 - 3320','自动生成描述，需求编号 334',NULL,NULL,0,'2025-06-22 11:59:37','2025-06-24 13:59:37'),(339,3,6,'保洁服务','保洁服务 - 7379','自动生成描述，需求编号 335',NULL,NULL,0,'2025-02-02 13:49:40','2025-02-03 10:49:40'),(340,1,6,'管道维修','管道维修 - 2562','自动生成描述，需求编号 336',NULL,NULL,0,'2025-04-13 04:07:33','2025-04-13 08:07:33'),(341,2,2,'营养餐服务','营养餐服务 - 5417','自动生成描述，需求编号 337',NULL,NULL,0,'2025-02-08 20:16:53','2025-02-09 19:16:53'),(342,3,2,'助老服务','助老服务 - 8299','自动生成描述，需求编号 338',NULL,NULL,0,'2025-09-24 19:32:44','2025-09-25 09:32:44'),(343,1,5,'助老服务','助老服务 - 7489','自动生成描述，需求编号 339',NULL,NULL,0,'2025-12-20 00:53:03','2025-12-21 12:53:03'),(344,3,6,'定期接送服务','定期接送服务 - 2992','自动生成描述，需求编号 340',NULL,NULL,0,'2025-01-21 05:13:15','2025-01-23 19:13:15'),(345,1,2,'保洁服务','保洁服务 - 7839','自动生成描述，需求编号 341',NULL,NULL,0,'2025-09-09 06:58:57','2025-09-10 03:58:57'),(346,3,6,'助老服务','助老服务 - 1864','自动生成描述，需求编号 342',NULL,NULL,0,'2025-04-21 03:33:58','2025-04-23 22:33:58'),(347,2,6,'其他','其他 - 7572','自动生成描述，需求编号 343',NULL,NULL,0,'2025-09-25 04:48:04','2025-09-25 12:48:04'),(348,3,6,'管道维修','管道维修 - 5636','自动生成描述，需求编号 344',NULL,NULL,0,'2025-12-03 16:02:12','2025-12-06 12:02:12'),(349,3,4,'就诊服务','就诊服务 - 9230','自动生成描述，需求编号 345',NULL,NULL,0,'2025-08-17 03:02:05','2025-08-20 00:02:05'),(350,2,6,'管道维修','管道维修 - 8405','自动生成描述，需求编号 346',NULL,NULL,-1,'2025-03-24 02:37:02','2025-03-24 14:37:02'),(351,3,2,'管道维修','管道维修 - 2812','自动生成描述，需求编号 347',NULL,NULL,0,'2025-05-16 17:44:21','2025-05-17 02:44:21'),(352,1,3,'助老服务','助老服务 - 9407','自动生成描述，需求编号 348',NULL,NULL,0,'2025-05-22 02:13:49','2025-05-24 04:13:49'),(353,1,1,'管道维修','管道维修 - 9176','自动生成描述，需求编号 349',NULL,NULL,0,'2025-02-01 07:52:07','2025-02-01 23:52:07'),(354,3,6,'其他','其他 - 8481','自动生成描述，需求编号 350',NULL,NULL,0,'2025-10-21 22:58:32','2025-10-23 05:58:32'),(355,2,4,'定期接送服务','定期接送服务 - 8095','自动生成描述，需求编号 351',NULL,NULL,0,'2025-02-20 09:30:45','2025-02-22 19:30:45'),(356,2,3,'营养餐服务','营养餐服务 - 9963','自动生成描述，需求编号 352',NULL,NULL,0,'2025-04-14 14:01:22','2025-04-15 03:01:22'),(357,1,1,'定期接送服务','定期接送服务 - 6377','自动生成描述，需求编号 353',NULL,NULL,0,'2025-07-13 22:39:13','2025-07-15 20:39:13'),(358,2,1,'助老服务','助老服务 - 3389','自动生成描述，需求编号 354',NULL,NULL,0,'2025-12-18 09:50:46','2025-12-21 06:50:46'),(359,1,5,'助老服务','助老服务 - 9142','自动生成描述，需求编号 355',NULL,NULL,0,'2025-11-20 11:57:25','2025-11-21 20:57:25'),(360,1,4,'保洁服务','保洁服务 - 2736','自动生成描述，需求编号 356',NULL,NULL,0,'2025-09-13 00:38:16','2025-09-15 22:38:16'),(361,2,3,'保洁服务','保洁服务 - 9467','自动生成描述，需求编号 357',NULL,NULL,0,'2025-08-21 06:06:18','2025-08-21 09:06:18'),(362,1,4,'营养餐服务','营养餐服务 - 6654','自动生成描述，需求编号 358',NULL,NULL,-1,'2025-12-16 20:29:05','2025-12-19 01:29:05'),(363,2,5,'其他','其他 - 3108','自动生成描述，需求编号 359',NULL,NULL,0,'2025-05-18 22:43:07','2025-05-20 22:43:07'),(364,3,4,'管道维修','管道维修 - 9546','自动生成描述，需求编号 360',NULL,NULL,0,'2025-10-21 06:40:47','2025-10-24 02:40:47'),(365,3,3,'就诊服务','就诊服务 - 8345','自动生成描述，需求编号 361',NULL,NULL,0,'2025-08-05 18:01:26','2025-08-07 20:01:26'),(366,2,3,'管道维修','管道维修 - 5285','自动生成描述，需求编号 362',NULL,NULL,0,'2025-12-21 18:19:22','2025-12-23 06:19:22'),(367,2,3,'营养餐服务','营养餐服务 - 6058','自动生成描述，需求编号 363',NULL,NULL,0,'2025-07-08 14:20:40','2025-07-09 17:20:40'),(368,2,6,'就诊服务','就诊服务 - 1305','自动生成描述，需求编号 364',NULL,NULL,0,'2025-02-16 05:18:50','2025-02-18 05:18:50'),(369,2,1,'保洁服务','保洁服务 - 1087','自动生成描述，需求编号 365',NULL,NULL,0,'2025-03-11 08:10:36','2025-03-12 22:10:36'),(370,1,4,'助老服务','助老服务 - 7776','自动生成描述，需求编号 366',NULL,NULL,0,'2025-07-09 02:43:24','2025-07-10 16:43:24'),(371,1,1,'助老服务','助老服务 - 3090','自动生成描述，需求编号 367',NULL,NULL,0,'2025-09-05 22:26:58','2025-09-06 12:26:58'),(372,3,3,'管道维修','管道维修 - 8421','自动生成描述，需求编号 368',NULL,NULL,0,'2025-07-06 17:56:07','2025-07-08 15:56:07'),(373,1,4,'营养餐服务','营养餐服务 - 7618','自动生成描述，需求编号 369',NULL,NULL,0,'2025-02-21 22:51:22','2025-02-23 07:51:22'),(374,3,4,'营养餐服务','营养餐服务 - 5740','自动生成描述，需求编号 370',NULL,NULL,0,'2025-09-21 03:45:07','2025-09-22 18:45:07'),(375,2,6,'助老服务','助老服务 - 6120','自动生成描述，需求编号 371',NULL,NULL,0,'2025-11-25 10:19:51','2025-11-26 08:19:51'),(376,3,1,'助老服务','助老服务 - 9245','自动生成描述，需求编号 372',NULL,NULL,0,'2025-08-16 00:26:28','2025-08-17 07:26:28'),(377,2,5,'保洁服务','保洁服务 - 9425','自动生成描述，需求编号 373',NULL,NULL,-1,'2025-04-05 18:29:03','2025-04-07 06:29:03'),(378,1,3,'营养餐服务','营养餐服务 - 9320','自动生成描述，需求编号 374',NULL,NULL,0,'2025-09-15 13:46:52','2025-09-18 04:46:52'),(379,3,2,'助老服务','助老服务 - 9888','自动生成描述，需求编号 375',NULL,NULL,0,'2025-07-24 07:46:32','2025-07-27 04:46:32'),(380,2,6,'其他','其他 - 3605','自动生成描述，需求编号 376',NULL,NULL,0,'2025-09-25 03:42:17','2025-09-26 17:42:17'),(381,3,6,'营养餐服务','营养餐服务 - 7399','自动生成描述，需求编号 377',NULL,NULL,0,'2025-03-25 07:51:59','2025-03-27 07:51:59'),(382,2,3,'就诊服务','就诊服务 - 7800','自动生成描述，需求编号 378',NULL,NULL,0,'2025-02-16 00:13:24','2025-02-18 05:13:24'),(383,3,2,'营养餐服务','营养餐服务 - 5102','自动生成描述，需求编号 379',NULL,NULL,0,'2025-09-15 09:24:28','2025-09-15 22:24:28'),(384,1,1,'定期接送服务','定期接送服务 - 1923','自动生成描述，需求编号 380',NULL,NULL,0,'2025-03-25 01:47:45','2025-03-26 08:47:45'),(385,3,2,'管道维修','管道维修 - 5610','自动生成描述，需求编号 381',NULL,NULL,0,'2025-12-23 07:09:14','2025-12-24 09:09:14'),(386,3,3,'管道维修','管道维修 - 7566','自动生成描述，需求编号 382',NULL,NULL,0,'2025-09-22 11:40:25','2025-09-22 20:40:25'),(387,2,3,'定期接送服务','定期接送服务 - 8581','自动生成描述，需求编号 383',NULL,NULL,0,'2025-04-10 01:27:45','2025-04-10 17:27:45'),(388,3,3,'其他','其他 - 4330','自动生成描述，需求编号 384',NULL,NULL,0,'2025-07-15 02:04:25','2025-07-17 10:04:25'),(389,2,6,'就诊服务','就诊服务 - 1945','自动生成描述，需求编号 385',NULL,NULL,0,'2025-11-13 04:26:15','2025-11-14 00:26:15'),(390,2,1,'管道维修','管道维修 - 1800','自动生成描述，需求编号 386',NULL,NULL,0,'2025-04-15 04:41:42','2025-04-17 16:41:42'),(391,1,1,'其他','其他 - 9459','自动生成描述，需求编号 387',NULL,NULL,0,'2025-06-17 04:09:17','2025-06-18 05:09:17'),(392,2,3,'管道维修','管道维修 - 2948','自动生成描述，需求编号 388',NULL,NULL,0,'2025-12-14 23:18:29','2025-12-16 23:18:29'),(393,1,6,'就诊服务','就诊服务 - 7820','自动生成描述，需求编号 389',NULL,NULL,0,'2025-12-04 20:40:09','2025-12-04 20:40:09'),(394,3,6,'定期接送服务','定期接送服务 - 5002','自动生成描述，需求编号 390',NULL,NULL,0,'2025-09-02 16:14:38','2025-09-03 22:14:38'),(395,2,3,'其他','其他 - 6133','自动生成描述，需求编号 391',NULL,NULL,0,'2025-03-08 08:40:16','2025-03-10 21:40:16'),(396,2,1,'定期接送服务','定期接送服务 - 4574','自动生成描述，需求编号 392',NULL,NULL,0,'2025-11-22 20:54:17','2025-11-24 22:54:17'),(397,2,1,'定期接送服务','定期接送服务 - 3774','自动生成描述，需求编号 393',NULL,NULL,0,'2025-05-01 05:31:05','2025-05-03 16:31:05'),(398,1,4,'定期接送服务','定期接送服务 - 4063','自动生成描述，需求编号 394',NULL,NULL,0,'2025-05-21 06:23:06','2025-05-23 05:23:06'),(399,1,2,'定期接送服务','定期接送服务 - 9147','自动生成描述，需求编号 395',NULL,NULL,-1,'2025-03-21 07:57:50','2025-03-23 20:57:50'),(400,1,5,'其他','其他 - 9093','自动生成描述，需求编号 396',NULL,NULL,0,'2025-03-21 07:42:55','2025-03-21 07:42:55'),(401,2,4,'定期接送服务','定期接送服务 - 1943','自动生成描述，需求编号 397',NULL,NULL,0,'2025-09-25 22:19:11','2025-09-26 04:19:11'),(402,3,2,'营养餐服务','营养餐服务 - 4160','自动生成描述，需求编号 398',NULL,NULL,0,'2025-02-07 11:05:23','2025-02-08 01:05:23'),(403,1,2,'定期接送服务','定期接送服务 - 4039','自动生成描述，需求编号 399',NULL,NULL,0,'2025-10-22 09:23:54','2025-10-23 20:23:54'),(404,2,1,'营养餐服务','营养餐服务 - 3744','自动生成描述，需求编号 400',NULL,NULL,0,'2025-01-19 17:23:10','2025-01-21 20:23:10'),(405,2,6,'就诊服务','就诊服务 - 4316','自动生成描述，需求编号 401',NULL,NULL,0,'2025-05-06 06:52:05','2025-05-07 09:52:05'),(406,3,2,'定期接送服务','定期接送服务 - 5713','自动生成描述，需求编号 402',NULL,NULL,0,'2025-08-20 19:55:59','2025-08-21 06:55:59'),(407,1,3,'营养餐服务','营养餐服务 - 1933','自动生成描述，需求编号 403',NULL,NULL,0,'2025-05-15 21:13:24','2025-05-18 09:13:24'),(408,3,2,'定期接送服务','定期接送服务 - 2965','自动生成描述，需求编号 404',NULL,NULL,0,'2025-06-01 07:53:30','2025-06-04 06:53:30'),(409,1,4,'管道维修','管道维修 - 9717','自动生成描述，需求编号 405',NULL,NULL,0,'2025-01-22 05:20:22','2025-01-23 07:20:22'),(410,3,4,'定期接送服务','定期接送服务 - 7191','自动生成描述，需求编号 406',NULL,NULL,0,'2025-04-16 16:47:33','2025-04-17 11:47:33'),(411,2,4,'定期接送服务','定期接送服务 - 9934','自动生成描述，需求编号 407',NULL,NULL,0,'2025-09-06 01:38:22','2025-09-08 09:38:22'),(412,3,5,'营养餐服务','营养餐服务 - 7255','自动生成描述，需求编号 408',NULL,NULL,0,'2025-07-04 13:53:17','2025-07-04 22:53:17'),(413,1,3,'其他','其他 - 7334','自动生成描述，需求编号 409',NULL,NULL,0,'2025-10-22 18:52:44','2025-10-25 06:52:44'),(414,1,4,'定期接送服务','定期接送服务 - 5265','自动生成描述，需求编号 410',NULL,NULL,0,'2025-02-15 09:19:25','2025-02-15 17:19:25'),(415,1,6,'营养餐服务','营养餐服务 - 6268','自动生成描述，需求编号 411',NULL,NULL,-1,'2025-11-09 02:35:43','2025-11-11 11:35:43'),(416,2,3,'助老服务','助老服务 - 1915','自动生成描述，需求编号 412',NULL,NULL,0,'2025-05-12 22:52:03','2025-05-14 13:52:03'),(417,1,2,'保洁服务','保洁服务 - 3960','自动生成描述，需求编号 413',NULL,NULL,-1,'2025-06-16 05:54:18','2025-06-18 20:54:18'),(418,3,6,'其他','其他 - 3828','自动生成描述，需求编号 414',NULL,NULL,0,'2025-07-08 14:17:27','2025-07-09 14:17:27'),(419,2,2,'助老服务','助老服务 - 5838','自动生成描述，需求编号 415',NULL,NULL,0,'2025-01-16 03:01:34','2025-01-18 12:01:34'),(420,1,5,'就诊服务','就诊服务 - 4078','自动生成描述，需求编号 416',NULL,NULL,0,'2025-09-17 08:34:47','2025-09-18 19:34:47'),(421,1,5,'定期接送服务','定期接送服务 - 9863','自动生成描述，需求编号 417',NULL,NULL,0,'2025-11-19 09:05:30','2025-11-21 22:05:30'),(422,1,6,'就诊服务','就诊服务 - 7212','自动生成描述，需求编号 418',NULL,NULL,0,'2025-08-04 18:56:42','2025-08-05 13:56:42'),(423,2,4,'就诊服务','就诊服务 - 5318','自动生成描述，需求编号 419',NULL,NULL,0,'2025-04-23 03:20:26','2025-04-25 21:20:26'),(424,1,2,'助老服务','助老服务 - 5570','自动生成描述，需求编号 420',NULL,NULL,0,'2025-03-04 08:46:36','2025-03-07 04:46:36'),(425,3,6,'定期接送服务','定期接送服务 - 3562','自动生成描述，需求编号 421',NULL,NULL,0,'2025-11-07 01:56:06','2025-11-08 08:56:06'),(426,1,6,'其他','其他 - 3056','自动生成描述，需求编号 422',NULL,NULL,0,'2025-11-10 20:37:34','2025-11-13 20:37:34'),(427,1,5,'定期接送服务','定期接送服务 - 6607','自动生成描述，需求编号 423',NULL,NULL,0,'2025-07-20 12:47:26','2025-07-22 04:47:26'),(428,2,2,'营养餐服务','营养餐服务 - 2308','自动生成描述，需求编号 424',NULL,NULL,0,'2025-12-02 13:52:21','2025-12-05 06:52:21'),(429,3,2,'助老服务','助老服务 - 3362','自动生成描述，需求编号 425',NULL,NULL,0,'2025-03-17 13:41:17','2025-03-17 16:41:17'),(430,1,3,'助老服务','助老服务 - 6804','自动生成描述，需求编号 426',NULL,NULL,0,'2025-06-09 17:23:06','2025-06-10 10:23:06'),(431,2,2,'定期接送服务','定期接送服务 - 5488','自动生成描述，需求编号 427',NULL,NULL,0,'2025-07-25 22:35:50','2025-07-27 18:35:50'),(432,2,6,'就诊服务','就诊服务 - 1040','自动生成描述，需求编号 428',NULL,NULL,0,'2025-09-15 20:18:16','2025-09-17 03:18:16'),(433,1,5,'营养餐服务','营养餐服务 - 8052','自动生成描述，需求编号 429',NULL,NULL,0,'2025-10-06 03:47:19','2025-10-07 03:47:19'),(434,1,6,'助老服务','助老服务 - 2346','自动生成描述，需求编号 430',NULL,NULL,0,'2025-12-04 23:01:31','2025-12-06 03:01:31'),(435,1,2,'营养餐服务','营养餐服务 - 3523','自动生成描述，需求编号 431',NULL,NULL,0,'2025-08-02 10:24:24','2025-08-03 23:24:24'),(436,1,5,'营养餐服务','营养餐服务 - 1807','自动生成描述，需求编号 432',NULL,NULL,0,'2025-09-08 12:41:22','2025-09-11 11:41:22'),(437,2,5,'其他','其他 - 9268','自动生成描述，需求编号 433',NULL,NULL,0,'2025-09-07 22:08:12','2025-09-10 00:08:12'),(438,1,4,'管道维修','管道维修 - 4044','自动生成描述，需求编号 434',NULL,NULL,0,'2025-06-15 00:11:24','2025-06-16 20:11:24'),(439,3,5,'助老服务','助老服务 - 6527','自动生成描述，需求编号 435',NULL,NULL,0,'2025-03-22 22:37:36','2025-03-24 10:37:36'),(440,2,4,'保洁服务','保洁服务 - 1263','自动生成描述，需求编号 436',NULL,NULL,0,'2025-05-16 04:33:42','2025-05-17 07:33:42'),(441,3,2,'其他','其他 - 4455','自动生成描述，需求编号 437',NULL,NULL,0,'2025-07-17 01:42:38','2025-07-20 01:42:38'),(442,2,6,'营养餐服务','营养餐服务 - 2885','自动生成描述，需求编号 438',NULL,NULL,0,'2025-10-10 02:24:04','2025-10-10 16:24:04'),(443,1,3,'保洁服务','保洁服务 - 9707','自动生成描述，需求编号 439',NULL,NULL,0,'2025-03-01 04:35:38','2025-03-03 12:35:38'),(444,3,3,'就诊服务','就诊服务 - 6407','自动生成描述，需求编号 440',NULL,NULL,0,'2025-07-03 16:53:51','2025-07-06 09:53:51'),(445,1,3,'保洁服务','保洁服务 - 2335','自动生成描述，需求编号 441',NULL,NULL,0,'2025-08-04 00:05:18','2025-08-07 00:05:18'),(446,1,1,'管道维修','管道维修 - 7592','自动生成描述，需求编号 442',NULL,NULL,0,'2025-07-09 13:03:10','2025-07-10 00:03:10'),(447,2,1,'就诊服务','就诊服务 - 6080','自动生成描述，需求编号 443',NULL,NULL,-1,'2025-09-20 21:41:41','2025-09-21 01:41:41'),(448,2,1,'保洁服务','保洁服务 - 6728','自动生成描述，需求编号 444',NULL,NULL,0,'2025-12-04 00:35:16','2025-12-06 08:35:16'),(449,1,5,'助老服务','助老服务 - 1800','自动生成描述，需求编号 445',NULL,NULL,0,'2025-12-21 02:22:48','2025-12-24 02:22:48'),(450,3,5,'定期接送服务','定期接送服务 - 7691','自动生成描述，需求编号 446',NULL,NULL,0,'2025-01-15 18:01:51','2025-01-16 17:01:51'),(451,2,3,'保洁服务','保洁服务 - 9553','自动生成描述，需求编号 447',NULL,NULL,0,'2025-12-19 13:38:17','2025-12-21 07:38:17'),(452,1,4,'营养餐服务','营养餐服务 - 1850','自动生成描述，需求编号 448',NULL,NULL,0,'2025-01-20 00:51:45','2025-01-20 08:51:45'),(453,1,5,'其他','其他 - 5694','自动生成描述，需求编号 449',NULL,NULL,0,'2025-07-12 02:48:33','2025-07-15 02:48:33'),(454,1,3,'助老服务','助老服务 - 6941','自动生成描述，需求编号 450',NULL,NULL,0,'2025-10-03 14:26:30','2025-10-06 02:26:30'),(455,2,4,'营养餐服务','营养餐服务 - 1598','自动生成描述，需求编号 451',NULL,NULL,0,'2025-05-13 03:10:43','2025-05-14 04:10:43'),(456,1,2,'助老服务','助老服务 - 7428','自动生成描述，需求编号 452',NULL,NULL,-1,'2025-06-04 16:12:23','2025-06-05 19:12:23'),(457,2,6,'营养餐服务','营养餐服务 - 3410','自动生成描述，需求编号 453',NULL,NULL,0,'2025-03-23 14:19:34','2025-03-25 13:19:34'),(458,2,5,'营养餐服务','营养餐服务 - 4641','自动生成描述，需求编号 454',NULL,NULL,0,'2025-07-07 15:43:25','2025-07-07 19:43:25'),(459,3,1,'其他','其他 - 7904','自动生成描述，需求编号 455',NULL,NULL,0,'2025-04-10 05:02:22','2025-04-10 21:02:22'),(460,3,5,'其他','其他 - 9308','自动生成描述，需求编号 456',NULL,NULL,0,'2025-05-21 02:31:24','2025-05-23 16:31:24'),(461,3,4,'管道维修','管道维修 - 8030','自动生成描述，需求编号 457',NULL,NULL,0,'2025-11-02 09:01:00','2025-11-03 06:01:00'),(462,1,3,'其他','其他 - 3164','自动生成描述，需求编号 458',NULL,NULL,0,'2025-12-12 02:59:24','2025-12-14 06:59:24'),(463,1,3,'营养餐服务','营养餐服务 - 7048','自动生成描述，需求编号 459',NULL,NULL,0,'2025-04-17 07:53:52','2025-04-19 03:53:52'),(464,2,6,'定期接送服务','定期接送服务 - 1856','自动生成描述，需求编号 460',NULL,NULL,0,'2025-03-16 05:48:03','2025-03-18 16:48:03'),(465,2,5,'其他','其他 - 2251','自动生成描述，需求编号 461',NULL,NULL,0,'2025-11-14 22:13:02','2025-11-15 11:13:02'),(466,1,4,'助老服务','助老服务 - 5479','自动生成描述，需求编号 462',NULL,NULL,0,'2025-12-14 06:08:23','2025-12-17 05:08:23'),(467,2,2,'定期接送服务','定期接送服务 - 9370','自动生成描述，需求编号 463',NULL,NULL,0,'2025-04-04 20:58:35','2025-04-06 11:58:35'),(468,2,1,'其他','其他 - 1105','自动生成描述，需求编号 464',NULL,NULL,0,'2025-03-16 17:45:35','2025-03-18 08:45:35'),(469,2,4,'保洁服务','保洁服务 - 2934','自动生成描述，需求编号 465',NULL,NULL,0,'2025-08-20 21:12:44','2025-08-21 02:12:44'),(470,1,4,'助老服务','助老服务 - 6813','自动生成描述，需求编号 466',NULL,NULL,0,'2025-02-08 07:37:26','2025-02-10 19:37:26'),(471,2,1,'管道维修','管道维修 - 9930','自动生成描述，需求编号 467',NULL,NULL,0,'2025-11-19 17:08:30','2025-11-21 23:08:30'),(472,3,4,'保洁服务','保洁服务 - 8043','自动生成描述，需求编号 468',NULL,NULL,0,'2025-08-17 12:24:34','2025-08-18 13:24:34'),(473,3,4,'其他','其他 - 3712','自动生成描述，需求编号 469',NULL,NULL,-1,'2025-09-20 11:19:10','2025-09-23 08:19:10'),(474,3,1,'管道维修','管道维修 - 1587','自动生成描述，需求编号 470',NULL,NULL,0,'2025-01-13 21:35:51','2025-01-14 22:35:51'),(475,1,6,'就诊服务','就诊服务 - 6694','自动生成描述，需求编号 471',NULL,NULL,0,'2025-08-17 21:16:10','2025-08-19 11:16:10'),(476,3,1,'其他','其他 - 6779','自动生成描述，需求编号 472',NULL,NULL,0,'2025-03-17 21:36:55','2025-03-19 10:36:55'),(477,2,3,'其他','其他 - 1034','自动生成描述，需求编号 473',NULL,NULL,0,'2025-04-02 15:19:11','2025-04-04 02:19:11'),(478,1,5,'其他','其他 - 7920','自动生成描述，需求编号 474',NULL,NULL,0,'2025-07-21 21:49:34','2025-07-23 21:49:34'),(479,1,5,'营养餐服务','营养餐服务 - 1785','自动生成描述，需求编号 475',NULL,NULL,0,'2025-08-20 21:05:09','2025-08-20 22:05:09'),(480,1,6,'助老服务','助老服务 - 5939','自动生成描述，需求编号 476',NULL,NULL,0,'2025-01-04 00:50:51','2025-01-05 22:50:51'),(481,2,4,'定期接送服务','定期接送服务 - 5337','自动生成描述，需求编号 477',NULL,NULL,0,'2025-10-05 03:37:40','2025-10-08 01:37:40'),(482,1,3,'管道维修','管道维修 - 9246','自动生成描述，需求编号 478',NULL,NULL,0,'2025-05-25 23:08:48','2025-05-27 08:08:48'),(483,1,6,'管道维修','管道维修 - 2027','自动生成描述，需求编号 479',NULL,NULL,-1,'2025-05-25 23:44:53','2025-05-26 08:44:53'),(484,1,4,'就诊服务','就诊服务 - 8614','自动生成描述，需求编号 480',NULL,NULL,0,'2025-04-19 03:48:55','2025-04-21 19:48:55'),(485,3,2,'营养餐服务','营养餐服务 - 2449','自动生成描述，需求编号 481',NULL,NULL,0,'2025-03-21 17:46:56','2025-03-24 07:46:56'),(486,3,6,'管道维修','管道维修 - 9176','自动生成描述，需求编号 482',NULL,NULL,-1,'2025-01-02 15:45:32','2025-01-03 15:45:32'),(487,1,3,'定期接送服务','定期接送服务 - 2637','自动生成描述，需求编号 483',NULL,NULL,0,'2025-04-06 16:26:26','2025-04-08 10:26:26'),(488,3,1,'保洁服务','保洁服务 - 9587','自动生成描述，需求编号 484',NULL,NULL,0,'2025-08-18 21:05:13','2025-08-20 08:05:13'),(489,1,5,'管道维修','管道维修 - 6094','自动生成描述，需求编号 485',NULL,NULL,-1,'2025-05-10 09:59:01','2025-05-10 16:59:01'),(490,3,3,'就诊服务','就诊服务 - 4121','自动生成描述，需求编号 486',NULL,NULL,0,'2025-07-03 16:27:47','2025-07-04 18:27:47'),(491,2,1,'营养餐服务','营养餐服务 - 9339','自动生成描述，需求编号 487',NULL,NULL,0,'2025-07-09 22:52:58','2025-07-10 12:52:58'),(492,3,4,'其他','其他 - 7116','自动生成描述，需求编号 488',NULL,NULL,0,'2025-09-02 17:59:00','2025-09-03 21:59:00'),(493,3,6,'助老服务','助老服务 - 4280','自动生成描述，需求编号 489',NULL,NULL,0,'2025-01-18 16:49:02','2025-01-19 06:49:02'),(494,3,5,'保洁服务','保洁服务 - 9421','自动生成描述，需求编号 490',NULL,NULL,0,'2025-05-08 10:28:33','2025-05-11 03:28:33'),(495,1,1,'助老服务','助老服务 - 1873','自动生成描述，需求编号 491',NULL,NULL,0,'2025-08-03 17:55:13','2025-08-05 13:55:13'),(496,2,3,'就诊服务','就诊服务 - 2371','自动生成描述，需求编号 492',NULL,NULL,0,'2025-09-16 18:22:22','2025-09-19 05:22:22'),(497,3,5,'定期接送服务','定期接送服务 - 2917','自动生成描述，需求编号 493',NULL,NULL,0,'2025-04-05 03:11:56','2025-04-06 01:11:56'),(498,2,5,'管道维修','管道维修 - 6318','自动生成描述，需求编号 494',NULL,NULL,-1,'2025-04-14 21:29:36','2025-04-17 07:29:36'),(499,3,1,'管道维修','管道维修 - 3933','自动生成描述，需求编号 495',NULL,NULL,0,'2025-03-05 03:28:35','2025-03-06 10:28:35'),(500,2,4,'营养餐服务','营养餐服务 - 4618','自动生成描述，需求编号 496',NULL,NULL,0,'2025-07-16 16:46:07','2025-07-18 13:46:07'),(501,1,3,'定期接送服务','定期接送服务 - 7940','自动生成描述，需求编号 497',NULL,NULL,0,'2025-10-12 07:45:24','2025-10-14 22:45:24'),(502,2,5,'助老服务','助老服务 - 2299','自动生成描述，需求编号 498',NULL,NULL,0,'2025-08-17 16:44:47','2025-08-19 10:44:47'),(503,3,5,'其他','其他 - 3018','自动生成描述，需求编号 499',NULL,NULL,0,'2025-02-24 08:41:53','2025-02-24 21:41:53'),(504,1,5,'定期接送服务','定期接送服务 - 4160','自动生成描述，需求编号 500',NULL,NULL,0,'2025-02-09 06:41:12','2025-02-10 15:41:12'),(505,2,5,'就诊服务','就诊服务 - 8906','自动生成描述，需求编号 501',NULL,NULL,0,'2025-01-09 10:56:32','2025-01-11 08:56:32'),(506,3,2,'助老服务','助老服务 - 2193','自动生成描述，需求编号 502',NULL,NULL,0,'2025-09-01 04:49:19','2025-09-03 15:49:19'),(507,1,1,'保洁服务','保洁服务 - 7386','自动生成描述，需求编号 503',NULL,NULL,0,'2025-04-03 19:49:54','2025-04-06 08:49:54'),(508,2,1,'营养餐服务','营养餐服务 - 5486','自动生成描述，需求编号 504',NULL,NULL,0,'2025-04-09 11:33:51','2025-04-09 13:33:51'),(509,2,3,'营养餐服务','营养餐服务 - 4064','自动生成描述，需求编号 505',NULL,NULL,0,'2025-04-02 04:17:11','2025-04-03 14:17:11'),(510,3,3,'保洁服务','保洁服务 - 5692','自动生成描述，需求编号 506',NULL,NULL,0,'2025-12-15 19:07:41','2025-12-17 00:07:41'),(511,3,4,'保洁服务','保洁服务 - 9991','自动生成描述，需求编号 507',NULL,NULL,0,'2025-06-04 00:33:05','2025-06-05 22:33:05'),(512,2,3,'就诊服务','就诊服务 - 6541','自动生成描述，需求编号 508',NULL,NULL,0,'2025-07-22 13:43:27','2025-07-25 10:43:27'),(513,1,2,'营养餐服务','营养餐服务 - 3525','自动生成描述，需求编号 509',NULL,NULL,0,'2025-05-20 05:45:49','2025-05-20 15:45:49'),(514,1,6,'定期接送服务','定期接送服务 - 6605','自动生成描述，需求编号 510',NULL,NULL,0,'2025-08-16 13:30:53','2025-08-18 19:30:53'),(515,3,4,'其他','其他 - 4704','自动生成描述，需求编号 511',NULL,NULL,0,'2025-08-16 15:13:40','2025-08-17 20:13:40'),(516,3,4,'营养餐服务','营养餐服务 - 5554','自动生成描述，需求编号 512',NULL,NULL,0,'2025-01-11 11:56:07','2025-01-14 04:56:07'),(517,2,2,'助老服务','助老服务 - 7230','自动生成描述，需求编号 513',NULL,NULL,0,'2025-09-07 13:37:58','2025-09-07 23:37:58'),(518,1,6,'定期接送服务','定期接送服务 - 6526','自动生成描述，需求编号 514',NULL,NULL,0,'2025-05-22 02:53:12','2025-05-23 07:53:12'),(519,2,1,'定期接送服务','定期接送服务 - 7022','自动生成描述，需求编号 515',NULL,NULL,0,'2025-02-20 16:35:51','2025-02-22 12:35:51'),(520,3,2,'就诊服务','就诊服务 - 8977','自动生成描述，需求编号 516',NULL,NULL,0,'2025-04-04 12:00:04','2025-04-07 07:00:04'),(521,1,5,'其他','其他 - 4021','自动生成描述，需求编号 517',NULL,NULL,0,'2025-10-13 08:35:11','2025-10-15 06:35:11'),(522,1,3,'其他','其他 - 5101','自动生成描述，需求编号 518',NULL,NULL,-1,'2025-03-08 18:34:50','2025-03-10 14:34:50'),(523,2,6,'其他','其他 - 4015','自动生成描述，需求编号 519',NULL,NULL,-1,'2025-08-23 13:18:16','2025-08-25 03:18:16'),(524,2,5,'保洁服务','保洁服务 - 8035','自动生成描述，需求编号 520',NULL,NULL,0,'2025-06-07 14:30:06','2025-06-07 14:30:06'),(525,1,3,'定期接送服务','定期接送服务 - 3201','自动生成描述，需求编号 521',NULL,NULL,0,'2025-02-09 21:46:13','2025-02-11 13:46:13'),(526,1,4,'营养餐服务','营养餐服务 - 8517','自动生成描述，需求编号 522',NULL,NULL,0,'2025-12-16 20:01:09','2025-12-17 19:01:09'),(527,2,6,'管道维修','管道维修 - 7553','自动生成描述，需求编号 523',NULL,NULL,-1,'2025-02-24 16:00:51','2025-02-24 16:00:51'),(528,1,6,'管道维修','管道维修 - 5400','自动生成描述，需求编号 524',NULL,NULL,0,'2025-09-01 10:43:16','2025-09-01 13:43:16'),(529,1,6,'就诊服务','就诊服务 - 6063','自动生成描述，需求编号 525',NULL,NULL,0,'2025-06-06 23:18:38','2025-06-09 05:18:38'),(530,2,5,'营养餐服务','营养餐服务 - 2571','自动生成描述，需求编号 526',NULL,NULL,-1,'2025-02-07 12:49:59','2025-02-07 23:49:59'),(531,2,5,'管道维修','管道维修 - 8419','自动生成描述，需求编号 527',NULL,NULL,0,'2025-06-18 23:12:38','2025-06-21 23:12:38'),(532,1,1,'保洁服务','保洁服务 - 5067','自动生成描述，需求编号 528',NULL,NULL,0,'2025-06-23 10:34:44','2025-06-25 12:34:44'),(533,3,3,'保洁服务','保洁服务 - 9782','自动生成描述，需求编号 529',NULL,NULL,0,'2025-07-05 23:58:50','2025-07-06 15:58:50'),(534,1,6,'营养餐服务','营养餐服务 - 2406','自动生成描述，需求编号 530',NULL,NULL,0,'2025-05-17 16:55:19','2025-05-19 00:55:19'),(535,2,6,'管道维修','管道维修 - 6794','自动生成描述，需求编号 531',NULL,NULL,0,'2025-05-05 18:14:54','2025-05-06 01:14:54'),(536,3,1,'其他','其他 - 7466','自动生成描述，需求编号 532',NULL,NULL,0,'2025-06-13 11:44:02','2025-06-15 17:44:02'),(537,2,4,'其他','其他 - 7647','自动生成描述，需求编号 533',NULL,NULL,0,'2025-05-09 11:23:10','2025-05-11 22:23:10'),(538,1,2,'就诊服务','就诊服务 - 2426','自动生成描述，需求编号 534',NULL,NULL,0,'2025-06-11 09:07:00','2025-06-12 20:07:00'),(539,3,6,'定期接送服务','定期接送服务 - 4279','自动生成描述，需求编号 535',NULL,NULL,0,'2025-08-24 02:45:06','2025-08-24 17:45:06'),(540,3,5,'营养餐服务','营养餐服务 - 7005','自动生成描述，需求编号 536',NULL,NULL,0,'2025-05-25 16:41:53','2025-05-27 04:41:53'),(541,3,4,'保洁服务','保洁服务 - 6679','自动生成描述，需求编号 537',NULL,NULL,0,'2025-03-24 04:41:21','2025-03-26 20:41:21'),(542,2,1,'其他','其他 - 3446','自动生成描述，需求编号 538',NULL,NULL,0,'2025-10-04 12:07:38','2025-10-06 01:07:38'),(543,3,5,'助老服务','助老服务 - 9526','自动生成描述，需求编号 539',NULL,NULL,0,'2025-10-21 11:13:14','2025-10-21 11:13:14'),(544,3,6,'其他','其他 - 5964','自动生成描述，需求编号 540',NULL,NULL,0,'2025-12-23 17:19:18','2025-12-24 16:19:18'),(545,2,1,'保洁服务','保洁服务 - 9279','自动生成描述，需求编号 541',NULL,NULL,0,'2025-05-10 20:42:04','2025-05-13 07:42:04'),(546,2,3,'保洁服务','保洁服务 - 1757','自动生成描述，需求编号 542',NULL,NULL,0,'2025-10-10 14:15:28','2025-10-12 22:15:28'),(547,3,2,'定期接送服务','定期接送服务 - 6326','自动生成描述，需求编号 543',NULL,NULL,0,'2025-01-21 00:43:10','2025-01-23 02:43:10'),(548,2,6,'就诊服务','就诊服务 - 4414','自动生成描述，需求编号 544',NULL,NULL,0,'2025-08-13 17:34:53','2025-08-15 04:34:53'),(549,2,1,'保洁服务','保洁服务 - 4480','自动生成描述，需求编号 545',NULL,NULL,0,'2025-10-19 09:59:01','2025-10-21 08:59:01'),(550,2,1,'保洁服务','保洁服务 - 4379','自动生成描述，需求编号 546',NULL,NULL,0,'2025-03-21 13:48:33','2025-03-22 14:48:33'),(551,1,3,'营养餐服务','营养餐服务 - 3515','自动生成描述，需求编号 547',NULL,NULL,0,'2025-06-12 16:43:16','2025-06-14 07:43:16'),(552,2,2,'管道维修','管道维修 - 2210','自动生成描述，需求编号 548',NULL,NULL,0,'2025-04-25 20:32:57','2025-04-27 16:32:57'),(553,3,5,'保洁服务','保洁服务 - 1261','自动生成描述，需求编号 549',NULL,NULL,0,'2025-07-09 18:21:03','2025-07-12 01:21:03'),(554,3,4,'营养餐服务','营养餐服务 - 9734','自动生成描述，需求编号 550',NULL,NULL,0,'2025-08-06 11:35:15','2025-08-08 13:35:15'),(555,1,1,'助老服务','助老服务 - 5230','自动生成描述，需求编号 551',NULL,NULL,-1,'2025-02-03 00:53:35','2025-02-03 20:53:35'),(556,1,4,'助老服务','助老服务 - 1759','自动生成描述，需求编号 552',NULL,NULL,0,'2025-10-09 12:43:25','2025-10-11 15:43:25'),(557,2,4,'就诊服务','就诊服务 - 4451','自动生成描述，需求编号 553',NULL,NULL,0,'2025-11-14 16:01:12','2025-11-15 03:01:12'),(558,2,5,'管道维修','管道维修 - 9735','自动生成描述，需求编号 554',NULL,NULL,0,'2025-09-13 11:27:54','2025-09-14 20:27:54'),(559,1,5,'管道维修','管道维修 - 2727','自动生成描述，需求编号 555',NULL,NULL,0,'2025-08-06 22:07:39','2025-08-08 22:07:39'),(560,3,6,'定期接送服务','定期接送服务 - 8281','自动生成描述，需求编号 556',NULL,NULL,0,'2025-11-08 21:41:39','2025-11-10 04:41:39'),(561,3,6,'就诊服务','就诊服务 - 1236','自动生成描述，需求编号 557',NULL,NULL,0,'2025-09-09 02:23:21','2025-09-10 16:23:21'),(562,2,5,'其他','其他 - 5304','自动生成描述，需求编号 558',NULL,NULL,0,'2025-02-10 16:29:26','2025-02-13 12:29:26'),(563,3,1,'就诊服务','就诊服务 - 4065','自动生成描述，需求编号 559',NULL,NULL,0,'2025-12-09 14:18:12','2025-12-11 16:18:12'),(564,2,2,'其他','其他 - 2403','自动生成描述，需求编号 560',NULL,NULL,0,'2025-11-12 20:17:54','2025-11-14 15:17:54'),(565,1,6,'管道维修','管道维修 - 1861','自动生成描述，需求编号 561',NULL,NULL,0,'2025-05-10 17:21:58','2025-05-11 09:21:58'),(566,3,2,'保洁服务','保洁服务 - 4554','自动生成描述，需求编号 562',NULL,NULL,0,'2025-12-25 18:18:20','2025-12-26 14:18:20'),(567,1,5,'管道维修','管道维修 - 5982','自动生成描述，需求编号 563',NULL,NULL,0,'2025-07-10 07:45:38','2025-07-11 02:45:38'),(568,3,5,'定期接送服务','定期接送服务 - 5355','自动生成描述，需求编号 564',NULL,NULL,0,'2025-05-14 17:25:39','2025-05-16 03:25:39'),(569,1,1,'管道维修','管道维修 - 5497','自动生成描述，需求编号 565',NULL,NULL,0,'2025-03-19 07:04:10','2025-03-21 19:04:10'),(570,2,4,'就诊服务','就诊服务 - 7462','自动生成描述，需求编号 566',NULL,NULL,0,'2025-04-17 00:08:42','2025-04-19 07:08:42'),(571,1,5,'保洁服务','保洁服务 - 8917','自动生成描述，需求编号 567',NULL,NULL,0,'2025-12-11 04:04:08','2025-12-12 01:04:08'),(572,1,1,'其他','其他 - 8848','自动生成描述，需求编号 568',NULL,NULL,0,'2025-12-13 13:55:17','2025-12-16 00:55:17'),(573,1,5,'营养餐服务','营养餐服务 - 5222','自动生成描述，需求编号 569',NULL,NULL,0,'2025-01-17 09:11:00','2025-01-18 10:11:00'),(574,1,5,'其他','其他 - 2972','自动生成描述，需求编号 570',NULL,NULL,-1,'2025-04-22 13:56:10','2025-04-23 15:56:10'),(575,2,1,'其他','其他 - 5057','自动生成描述，需求编号 571',NULL,NULL,0,'2025-09-06 09:27:37','2025-09-07 06:27:37'),(576,2,5,'其他','其他 - 5365','自动生成描述，需求编号 572',NULL,NULL,0,'2025-06-18 18:32:31','2025-06-18 20:32:31'),(577,2,4,'定期接送服务','定期接送服务 - 8013','自动生成描述，需求编号 573',NULL,NULL,0,'2025-11-12 13:13:55','2025-11-14 08:13:55'),(578,3,3,'管道维修','管道维修 - 4670','自动生成描述，需求编号 574',NULL,NULL,0,'2025-09-23 03:22:35','2025-09-26 00:22:35'),(579,1,3,'助老服务','助老服务 - 6934','自动生成描述，需求编号 575',NULL,NULL,0,'2025-10-24 12:30:39','2025-10-24 15:30:39'),(580,2,3,'管道维修','管道维修 - 9345','自动生成描述，需求编号 576',NULL,NULL,0,'2025-02-10 12:54:09','2025-02-12 22:54:09'),(581,2,1,'助老服务','助老服务 - 8084','自动生成描述，需求编号 577',NULL,NULL,0,'2025-01-15 20:26:39','2025-01-15 21:26:39'),(582,2,1,'定期接送服务','定期接送服务 - 2406','自动生成描述，需求编号 578',NULL,NULL,0,'2025-11-25 09:44:46','2025-11-28 02:44:46'),(583,2,3,'其他','其他 - 8980','自动生成描述，需求编号 579',NULL,NULL,-1,'2025-09-20 22:28:11','2025-09-22 23:28:11'),(584,1,3,'保洁服务','保洁服务 - 8573','自动生成描述，需求编号 580',NULL,NULL,0,'2025-06-13 03:49:50','2025-06-13 05:49:50'),(585,2,4,'助老服务','助老服务 - 1756','自动生成描述，需求编号 581',NULL,NULL,0,'2025-10-07 15:32:15','2025-10-09 05:32:15'),(586,3,1,'保洁服务','保洁服务 - 3035','自动生成描述，需求编号 582',NULL,NULL,0,'2025-01-12 15:52:31','2025-01-13 10:52:31'),(587,2,3,'其他','其他 - 2544','自动生成描述，需求编号 583',NULL,NULL,0,'2025-09-20 11:36:31','2025-09-21 16:36:31'),(588,2,5,'营养餐服务','营养餐服务 - 8811','自动生成描述，需求编号 584',NULL,NULL,0,'2025-04-24 20:07:05','2025-04-27 01:07:05'),(589,3,5,'营养餐服务','营养餐服务 - 1924','自动生成描述，需求编号 585',NULL,NULL,0,'2025-11-19 22:05:40','2025-11-22 06:05:40'),(590,2,6,'营养餐服务','营养餐服务 - 2415','自动生成描述，需求编号 586',NULL,NULL,0,'2025-06-25 21:49:24','2025-06-27 00:49:24'),(591,3,4,'管道维修','管道维修 - 9524','自动生成描述，需求编号 587',NULL,NULL,0,'2025-05-03 17:36:12','2025-05-05 19:36:12'),(592,3,5,'就诊服务','就诊服务 - 1448','自动生成描述，需求编号 588',NULL,NULL,0,'2025-05-18 11:36:02','2025-05-18 17:36:02'),(593,3,2,'就诊服务','就诊服务 - 2689','自动生成描述，需求编号 589',NULL,NULL,0,'2025-10-13 19:11:58','2025-10-16 03:11:58'),(594,3,3,'保洁服务','保洁服务 - 7953','自动生成描述，需求编号 590',NULL,NULL,0,'2025-04-16 14:44:03','2025-04-17 14:44:03'),(595,2,3,'定期接送服务','定期接送服务 - 1613','自动生成描述，需求编号 591',NULL,NULL,0,'2025-04-02 07:08:52','2025-04-04 06:08:52'),(596,3,5,'定期接送服务','定期接送服务 - 3120','自动生成描述，需求编号 592',NULL,NULL,0,'2025-12-19 16:51:57','2025-12-22 00:51:57'),(597,2,4,'就诊服务','就诊服务 - 6063','自动生成描述，需求编号 593',NULL,NULL,0,'2025-07-16 01:09:44','2025-07-16 12:09:44'),(598,2,3,'保洁服务','保洁服务 - 2018','自动生成描述，需求编号 594',NULL,NULL,0,'2025-11-05 00:57:53','2025-11-06 23:57:53'),(599,1,6,'管道维修','管道维修 - 2760','自动生成描述，需求编号 595',NULL,NULL,0,'2025-09-07 12:09:13','2025-09-09 18:09:13'),(600,3,4,'营养餐服务','营养餐服务 - 2518','自动生成描述，需求编号 596',NULL,NULL,-1,'2025-10-15 04:53:16','2025-10-16 10:53:16'),(601,2,6,'定期接送服务','定期接送服务 - 1598','自动生成描述，需求编号 597',NULL,NULL,0,'2025-09-14 04:36:30','2025-09-14 05:36:30'),(602,1,6,'管道维修','管道维修 - 6797','自动生成描述，需求编号 598',NULL,NULL,0,'2025-12-09 10:11:58','2025-12-10 23:11:58'),(603,2,5,'定期接送服务','定期接送服务 - 2548','自动生成描述，需求编号 599',NULL,NULL,0,'2025-09-16 18:07:19','2025-09-18 23:07:19'),(604,1,6,'其他','其他 - 9784','自动生成描述，需求编号 600',NULL,NULL,-1,'2025-08-18 21:12:38','2025-08-19 22:12:38');
/*!40000 ALTER TABLE `need` ENABLE KEYS */;
UNLOCK TABLES;

--
-- Table structure for table `region`
--

DROP TABLE IF EXISTS `region`;
/*!40101 SET @saved_cs_client     = @@character_set_client */;
/*!50503 SET character_set_client = utf8mb4 */;
CREATE TABLE `region` (
  `region_id` bigint NOT NULL AUTO_INCREMENT,
  `region_name` varchar(255) DEFAULT NULL,
  `city` varchar(255) DEFAULT NULL,
  `province` varchar(255) DEFAULT NULL,
  PRIMARY KEY (`region_id`)
) ENGINE=InnoDB AUTO_INCREMENT=7 DEFAULT CHARSET=utf8mb4 COLLATE=utf8mb4_0900_ai_ci;
/*!40101 SET character_set_client = @saved_cs_client */;

--
-- Dumping data for table `region`
--

LOCK TABLES `region` WRITE;
/*!40000 ALTER TABLE `region` DISABLE KEYS */;
INSERT INTO `region` VALUES (1,'朝阳区','北京市','北京市'),(2,'海淀区','北京市','北京市'),(3,'浦东新区','上海市','上海市'),(4,'黄浦区','上海市','上海市'),(5,'天河区','广州市','广东省'),(6,'南山区','深圳市','广东省');
/*!40000 ALTER TABLE `region` ENABLE KEYS */;
UNLOCK TABLES;

--
-- Table structure for table `response`
--

DROP TABLE IF EXISTS `response`;
/*!40101 SET @saved_cs_client     = @@character_set_client */;
/*!50503 SET character_set_client = utf8mb4 */;
CREATE TABLE `response` (
  `response_id` bigint NOT NULL AUTO_INCREMENT,
  `need_id` bigint NOT NULL,
  `user_id` bigint NOT NULL,
  `content` varchar(255) DEFAULT NULL,
  `image_url` varchar(255) DEFAULT NULL,
  `status` int DEFAULT '0' COMMENT '0-待接受 1-同意 2-拒绝 3-取消',
  `create_time` datetime DEFAULT CURRENT_TIMESTAMP,
  `update_time` datetime DEFAULT CURRENT_TIMESTAMP ON UPDATE CURRENT_TIMESTAMP,
  PRIMARY KEY (`response_id`),
  KEY `fk_response_need` (`need_id`),
  KEY `fk_response_user` (`user_id`),
  CONSTRAINT `fk_response_need` FOREIGN KEY (`need_id`) REFERENCES `need` (`need_id`),
  CONSTRAINT `fk_response_user` FOREIGN KEY (`user_id`) REFERENCES `user` (`id`)
) ENGINE=InnoDB AUTO_INCREMENT=923 DEFAULT CHARSET=utf8mb4 COLLATE=utf8mb4_0900_ai_ci;
/*!40101 SET character_set_client = @saved_cs_client */;

--
-- Dumping data for table `response`
--

LOCK TABLES `response` WRITE;
/*!40000 ALTER TABLE `response` DISABLE KEYS */;
INSERT INTO `response` VALUES (2,2,3,'324324242342',NULL,1,'2025-12-26 00:25:08','2025-12-26 00:40:53'),(3,2,3,'312321',NULL,2,'2025-12-26 01:03:23','2025-12-26 01:03:23'),(4,5,3,'自动响应内容，need 5 - 1',NULL,1,'2025-04-14 19:22:04','2025-04-15 04:22:04'),(5,5,3,'自动响应内容，need 5 - 2',NULL,1,'2025-04-13 16:22:04','2025-04-14 15:22:04'),(6,6,3,'自动响应内容，need 6 - 1',NULL,1,'2025-09-14 02:19:43','2025-09-15 20:19:43'),(7,7,2,'自动响应内容，need 7 - 1',NULL,1,'2025-06-10 11:03:51','2025-06-11 05:03:51'),(8,9,1,'自动响应内容，need 9 - 1',NULL,2,'2025-01-27 23:55:53','2025-01-29 06:55:53'),(9,9,1,'自动响应内容，need 9 - 2',NULL,0,'2025-01-30 13:55:53','2025-01-31 08:55:53'),(10,10,3,'自动响应内容，need 10 - 1',NULL,0,'2025-07-15 00:17:21','2025-07-15 05:17:21'),(11,10,3,'自动响应内容，need 10 - 2',NULL,2,'2025-07-09 00:17:21','2025-07-10 16:17:21'),(12,11,3,'自动响应内容，need 11 - 1',NULL,0,'2025-05-24 03:21:34','2025-05-25 17:21:34'),(13,12,2,'自动响应内容，need 12 - 1',NULL,1,'2025-06-26 16:27:21','2025-06-28 06:27:21'),(14,12,3,'自动响应内容，need 12 - 2',NULL,0,'2025-06-17 23:27:21','2025-06-19 02:27:21'),(15,12,2,'自动响应内容，need 12 - 3',NULL,0,'2025-06-24 19:27:21','2025-06-25 01:27:21'),(16,12,1,'自动响应内容，need 12 - 4',NULL,0,'2025-06-23 14:27:21','2025-06-24 20:27:21'),(17,13,1,'自动响应内容，need 13 - 1',NULL,2,'2025-01-29 02:25:56','2025-01-30 23:25:56'),(18,14,3,'自动响应内容，need 14 - 1',NULL,0,'2025-11-18 23:43:42','2025-11-19 07:43:42'),(19,15,1,'自动响应内容，need 15 - 1',NULL,1,'2025-06-12 20:16:25','2025-06-14 14:16:25'),(20,15,3,'自动响应内容，need 15 - 2',NULL,0,'2025-06-16 22:16:25','2025-06-17 02:16:25'),(21,15,1,'自动响应内容，need 15 - 3',NULL,2,'2025-06-16 16:16:25','2025-06-16 17:16:25'),(22,16,1,'自动响应内容，need 16 - 1',NULL,0,'2025-03-18 00:16:48','2025-03-18 07:16:48'),(23,17,1,'自动响应内容，need 17 - 1',NULL,1,'2025-06-23 10:21:41','2025-06-24 00:21:41'),(24,17,3,'自动响应内容，need 17 - 2',NULL,1,'2025-06-24 23:21:41','2025-06-25 05:21:41'),(25,17,3,'自动响应内容，need 17 - 3',NULL,1,'2025-06-28 13:21:41','2025-06-30 01:21:41'),(26,17,3,'自动响应内容，need 17 - 4',NULL,3,'2025-06-20 05:21:41','2025-06-21 23:21:41'),(27,18,3,'自动响应内容，need 18 - 1',NULL,0,'2025-07-10 11:19:52','2025-07-10 22:19:52'),(28,18,3,'自动响应内容，need 18 - 2',NULL,0,'2025-07-08 03:19:52','2025-07-08 03:19:52'),(29,18,3,'自动响应内容，need 18 - 3',NULL,0,'2025-07-08 13:19:52','2025-07-09 11:19:52'),(30,19,1,'自动响应内容，need 19 - 1',NULL,3,'2025-01-12 19:12:28','2025-01-14 18:12:28'),(31,19,1,'自动响应内容，need 19 - 2',NULL,1,'2025-01-08 14:12:28','2025-01-08 22:12:28'),(32,20,1,'自动响应内容，need 20 - 1',NULL,0,'2025-08-20 03:06:12','2025-08-21 07:06:12'),(33,20,1,'自动响应内容，need 20 - 2',NULL,1,'2025-08-19 11:06:12','2025-08-20 11:06:12'),(34,20,1,'自动响应内容，need 20 - 3',NULL,3,'2025-08-27 05:06:12','2025-08-28 04:06:12'),(35,20,3,'自动响应内容，need 20 - 4',NULL,0,'2025-08-22 11:06:12','2025-08-24 06:06:12'),(36,22,3,'自动响应内容，need 22 - 1',NULL,0,'2025-03-29 11:16:55','2025-03-30 06:16:55'),(37,22,3,'自动响应内容，need 22 - 2',NULL,1,'2025-03-26 11:16:55','2025-03-28 10:16:55'),(38,23,1,'自动响应内容，need 23 - 1',NULL,1,'2025-09-26 17:39:21','2025-09-28 10:39:21'),(39,24,3,'自动响应内容，need 24 - 1',NULL,0,'2025-01-23 16:01:21','2025-01-24 07:01:21'),(40,24,3,'自动响应内容，need 24 - 2',NULL,2,'2025-01-25 15:01:21','2025-01-27 06:01:21'),(41,25,1,'自动响应内容，need 25 - 1',NULL,2,'2025-04-30 13:42:04','2025-04-30 23:42:04'),(42,26,2,'自动响应内容，need 26 - 1',NULL,0,'2025-08-11 03:14:25','2025-08-11 09:14:25'),(43,27,3,'自动响应内容，need 27 - 1',NULL,1,'2025-04-29 06:03:25','2025-04-30 11:03:25'),(44,30,3,'自动响应内容，need 30 - 1',NULL,0,'2025-09-01 17:49:02','2025-09-02 05:49:02'),(45,32,2,'自动响应内容，need 32 - 1',NULL,0,'2025-01-23 16:13:37','2025-01-25 16:13:37'),(46,32,3,'自动响应内容，need 32 - 2',NULL,0,'2025-01-16 14:13:37','2025-01-17 01:13:37'),(47,32,1,'自动响应内容，need 32 - 3',NULL,0,'2025-01-21 00:13:37','2025-01-22 15:13:37'),(48,33,3,'自动响应内容，need 33 - 1',NULL,2,'2025-07-09 15:02:32','2025-07-10 05:02:32'),(49,34,3,'自动响应内容，need 34 - 1',NULL,1,'2025-06-27 19:48:36','2025-06-28 06:48:36'),(50,34,2,'自动响应内容，need 34 - 2',NULL,1,'2025-07-02 00:48:36','2025-07-02 07:48:36'),(51,35,3,'自动响应内容，need 35 - 1',NULL,0,'2025-02-24 02:20:34','2025-02-25 09:20:34'),(52,35,3,'自动响应内容，need 35 - 2',NULL,0,'2025-02-23 19:20:34','2025-02-24 14:20:34'),(53,35,1,'自动响应内容，need 35 - 3',NULL,2,'2025-02-25 11:20:34','2025-02-25 19:20:34'),(54,37,2,'自动响应内容，need 37 - 1',NULL,0,'2025-08-16 18:22:07','2025-08-18 03:22:07'),(55,37,3,'自动响应内容，need 37 - 2',NULL,3,'2025-08-07 23:22:07','2025-08-08 14:22:07'),(56,37,2,'自动响应内容，need 37 - 3',NULL,0,'2025-08-09 18:22:07','2025-08-10 13:22:07'),(57,37,1,'自动响应内容，need 37 - 4',NULL,1,'2025-08-17 12:22:07','2025-08-17 23:22:07'),(58,39,1,'自动响应内容，need 39 - 1',NULL,0,'2025-10-27 05:35:18','2025-10-29 03:35:18'),(59,40,3,'自动响应内容，need 40 - 1',NULL,0,'2025-09-16 11:54:14','2025-09-17 23:54:14'),(60,40,1,'自动响应内容，need 40 - 2',NULL,2,'2025-09-25 11:54:14','2025-09-27 02:54:14'),(61,41,2,'自动响应内容，need 41 - 1',NULL,0,'2025-10-24 23:25:46','2025-10-25 18:25:46'),(62,43,3,'自动响应内容，need 43 - 1',NULL,0,'2025-03-14 08:38:28','2025-03-15 06:38:28'),(63,44,2,'自动响应内容，need 44 - 1',NULL,1,'2025-02-15 15:54:52','2025-02-15 18:54:52'),(64,44,3,'自动响应内容，need 44 - 2',NULL,1,'2025-02-13 22:54:52','2025-02-15 00:54:52'),(65,44,3,'自动响应内容，need 44 - 3',NULL,0,'2025-02-06 18:54:52','2025-02-07 02:54:52'),(66,45,2,'自动响应内容，need 45 - 1',NULL,0,'2025-08-29 17:25:24','2025-08-29 20:25:24'),(67,46,3,'自动响应内容，need 46 - 1',NULL,0,'2025-03-20 06:14:36','2025-03-20 17:14:36'),(68,46,3,'自动响应内容，need 46 - 2',NULL,1,'2025-03-20 21:14:36','2025-03-21 21:14:36'),(69,47,2,'自动响应内容，need 47 - 1',NULL,1,'2025-04-13 08:41:38','2025-04-15 03:41:38'),(70,47,3,'自动响应内容，need 47 - 2',NULL,0,'2025-04-09 03:41:38','2025-04-09 11:41:38'),(71,48,3,'自动响应内容，need 48 - 1',NULL,0,'2025-03-16 07:48:59','2025-03-17 04:48:59'),(72,49,2,'自动响应内容，need 49 - 1',NULL,0,'2025-09-04 01:48:30','2025-09-04 10:48:30'),(73,49,2,'自动响应内容，need 49 - 2',NULL,1,'2025-09-03 04:48:30','2025-09-04 21:48:30'),(74,50,3,'自动响应内容，need 50 - 1',NULL,0,'2025-01-13 06:56:09','2025-01-13 08:56:09'),(75,50,3,'自动响应内容，need 50 - 2',NULL,1,'2025-01-15 19:56:09','2025-01-17 08:56:09'),(76,51,1,'自动响应内容，need 51 - 1',NULL,0,'2025-08-14 12:35:58','2025-08-15 07:35:58'),(77,51,1,'自动响应内容，need 51 - 2',NULL,2,'2025-08-12 02:35:58','2025-08-12 06:35:58'),(78,52,3,'自动响应内容，need 52 - 1',NULL,1,'2025-09-24 21:38:01','2025-09-26 04:38:01'),(79,52,2,'自动响应内容，need 52 - 2',NULL,0,'2025-09-25 17:38:01','2025-09-26 13:38:01'),(80,52,3,'自动响应内容，need 52 - 3',NULL,1,'2025-09-25 16:38:01','2025-09-27 11:38:01'),(81,53,2,'自动响应内容，need 53 - 1',NULL,0,'2025-04-26 15:39:23','2025-04-26 15:39:23'),(82,53,3,'自动响应内容，need 53 - 2',NULL,0,'2025-04-23 21:39:23','2025-04-24 17:39:23'),(83,54,1,'自动响应内容，need 54 - 1',NULL,0,'2025-09-05 18:38:05','2025-09-05 21:38:05'),(84,55,3,'自动响应内容，need 55 - 1',NULL,0,'2025-04-12 00:08:25','2025-04-12 03:08:25'),(85,56,1,'自动响应内容，need 56 - 1',NULL,2,'2025-11-21 12:28:43','2025-11-22 11:28:43'),(86,57,3,'自动响应内容，need 57 - 1',NULL,0,'2025-04-24 09:47:46','2025-04-25 04:47:46'),(87,57,1,'自动响应内容，need 57 - 2',NULL,1,'2025-04-25 07:47:46','2025-04-26 09:47:46'),(88,58,2,'自动响应内容，need 58 - 1',NULL,0,'2025-11-26 00:04:52','2025-11-26 12:04:52'),(89,60,1,'自动响应内容，need 60 - 1',NULL,0,'2025-09-30 10:02:41','2025-10-01 05:02:41'),(90,60,1,'自动响应内容，need 60 - 2',NULL,0,'2025-09-25 23:02:41','2025-09-27 10:02:41'),(91,60,1,'自动响应内容，need 60 - 3',NULL,0,'2025-09-22 21:02:41','2025-09-24 06:02:41'),(92,62,2,'自动响应内容，need 62 - 1',NULL,2,'2025-08-14 01:13:34','2025-08-15 03:13:34'),(93,62,1,'自动响应内容，need 62 - 2',NULL,0,'2025-08-17 09:13:34','2025-08-19 08:13:34'),(94,62,1,'自动响应内容，need 62 - 3',NULL,0,'2025-08-16 11:13:34','2025-08-18 10:13:34'),(95,62,1,'自动响应内容，need 62 - 4',NULL,2,'2025-08-13 15:13:34','2025-08-14 02:13:34'),(96,63,1,'自动响应内容，need 63 - 1',NULL,0,'2025-03-01 22:00:24','2025-03-02 23:00:24'),(97,64,3,'自动响应内容，need 64 - 1',NULL,1,'2025-12-23 18:45:47','2025-12-25 01:45:47'),(98,64,2,'自动响应内容，need 64 - 2',NULL,0,'2025-12-31 05:45:47','2025-12-31 23:45:47'),(99,64,3,'自动响应内容，need 64 - 3',NULL,1,'2026-01-02 05:45:47','2026-01-03 02:45:47'),(100,65,1,'自动响应内容，need 65 - 1',NULL,1,'2025-04-14 02:28:06','2025-04-14 23:28:06'),(101,67,3,'自动响应内容，need 67 - 1',NULL,0,'2025-12-10 22:38:51','2025-12-11 07:38:51'),(102,68,3,'自动响应内容，need 68 - 1',NULL,1,'2025-10-14 09:41:14','2025-10-16 07:41:14'),(103,69,2,'自动响应内容，need 69 - 1',NULL,0,'2025-10-02 07:37:06','2025-10-03 10:37:06'),(104,71,2,'自动响应内容，need 71 - 1',NULL,0,'2025-03-16 23:04:01','2025-03-18 14:04:01'),(105,71,1,'自动响应内容，need 71 - 2',NULL,1,'2025-03-12 20:04:01','2025-03-14 04:04:01'),(106,72,1,'自动响应内容，need 72 - 1',NULL,0,'2025-12-29 07:05:50','2025-12-29 11:05:50'),(107,73,3,'自动响应内容，need 73 - 1',NULL,0,'2025-10-23 07:52:16','2025-10-24 22:52:16'),(108,73,1,'自动响应内容，need 73 - 2',NULL,0,'2025-10-19 00:52:16','2025-10-20 08:52:16'),(109,74,2,'自动响应内容，need 74 - 1',NULL,0,'2025-10-06 19:49:48','2025-10-07 11:49:48'),(110,75,1,'自动响应内容，need 75 - 1',NULL,3,'2025-03-26 12:35:14','2025-03-27 08:35:14'),(111,76,1,'自动响应内容，need 76 - 1',NULL,1,'2025-11-12 10:22:28','2025-11-13 08:22:28'),(112,78,2,'自动响应内容，need 78 - 1',NULL,0,'2025-09-18 22:43:20','2025-09-20 21:43:20'),(113,79,2,'自动响应内容，need 79 - 1',NULL,0,'2025-03-28 06:09:04','2025-03-30 06:09:04'),(114,80,1,'自动响应内容，need 80 - 1',NULL,1,'2025-12-18 00:02:43','2025-12-18 09:02:43'),(115,81,1,'自动响应内容，need 81 - 1',NULL,0,'2025-11-16 17:31:46','2025-11-18 01:31:46'),(116,82,3,'自动响应内容，need 82 - 1',NULL,0,'2025-08-16 20:53:27','2025-08-18 03:53:27'),(117,83,2,'自动响应内容，need 83 - 1',NULL,1,'2025-07-17 10:20:28','2025-07-18 02:20:28'),(118,83,1,'自动响应内容，need 83 - 2',NULL,1,'2025-07-25 10:20:28','2025-07-26 02:20:28'),(119,84,2,'自动响应内容，need 84 - 1',NULL,2,'2025-08-13 16:53:58','2025-08-14 21:53:58'),(120,85,2,'自动响应内容，need 85 - 1',NULL,0,'2025-10-29 21:53:07','2025-10-31 16:53:07'),(121,87,2,'自动响应内容，need 87 - 1',NULL,0,'2025-09-07 15:30:54','2025-09-08 14:30:54'),(122,87,3,'自动响应内容，need 87 - 2',NULL,2,'2025-09-08 22:30:54','2025-09-09 08:30:54'),(123,88,2,'自动响应内容，need 88 - 1',NULL,3,'2025-05-26 08:17:18','2025-05-27 12:17:18'),(124,89,3,'自动响应内容，need 89 - 1',NULL,0,'2025-04-11 23:02:44','2025-04-13 12:02:44'),(125,89,1,'自动响应内容，need 89 - 2',NULL,0,'2025-04-21 03:02:44','2025-04-22 09:02:44'),(126,90,3,'自动响应内容，need 90 - 1',NULL,0,'2025-07-19 08:19:00','2025-07-20 18:19:00'),(127,90,2,'自动响应内容，need 90 - 2',NULL,0,'2025-07-20 15:19:00','2025-07-22 10:19:00'),(128,91,1,'自动响应内容，need 91 - 1',NULL,0,'2025-05-15 20:05:10','2025-05-17 04:05:10'),(129,91,3,'自动响应内容，need 91 - 2',NULL,1,'2025-05-26 10:05:10','2025-05-26 19:05:10'),(130,93,1,'自动响应内容，need 93 - 1',NULL,2,'2025-12-20 17:37:16','2025-12-21 00:37:16'),(131,93,1,'自动响应内容，need 93 - 2',NULL,0,'2025-12-25 10:37:16','2025-12-27 07:37:16'),(132,94,3,'自动响应内容，need 94 - 1',NULL,0,'2025-08-15 01:55:22','2025-08-16 23:55:22'),(133,95,1,'自动响应内容，need 95 - 1',NULL,1,'2025-07-21 18:14:06','2025-07-22 03:14:06'),(134,95,2,'自动响应内容，need 95 - 2',NULL,1,'2025-07-19 00:14:06','2025-07-20 06:14:06'),(135,96,3,'自动响应内容，need 96 - 1',NULL,0,'2025-04-17 22:59:47','2025-04-19 17:59:47'),(136,96,3,'自动响应内容，need 96 - 2',NULL,3,'2025-04-15 02:59:47','2025-04-16 05:59:47'),(137,96,3,'自动响应内容，need 96 - 3',NULL,3,'2025-04-16 08:59:47','2025-04-16 18:59:47'),(138,97,2,'自动响应内容，need 97 - 1',NULL,0,'2025-03-07 12:17:56','2025-03-07 21:17:56'),(139,97,1,'自动响应内容，need 97 - 2',NULL,0,'2025-03-11 07:17:56','2025-03-11 10:17:56'),(140,98,1,'自动响应内容，need 98 - 1',NULL,0,'2025-07-16 18:37:43','2025-07-18 13:37:43'),(141,98,2,'自动响应内容，need 98 - 2',NULL,2,'2025-07-15 04:37:43','2025-07-15 07:37:43'),(142,99,1,'自动响应内容，need 99 - 1',NULL,1,'2025-01-18 08:51:28','2025-01-18 21:51:28'),(143,100,3,'自动响应内容，need 100 - 1',NULL,1,'2025-12-09 12:50:27','2025-12-09 19:50:27'),(144,100,3,'自动响应内容，need 100 - 2',NULL,0,'2025-12-05 03:50:27','2025-12-05 23:50:27'),(145,100,2,'自动响应内容，need 100 - 3',NULL,0,'2025-12-05 17:50:27','2025-12-06 05:50:27'),(146,101,2,'自动响应内容，need 101 - 1',NULL,0,'2025-09-28 07:04:53','2025-09-29 21:04:53'),(147,104,2,'自动响应内容，need 104 - 1',NULL,0,'2025-10-11 16:07:16','2025-10-12 22:07:16'),(148,104,2,'自动响应内容，need 104 - 2',NULL,2,'2025-10-10 04:07:16','2025-10-12 03:07:16'),(149,104,2,'自动响应内容，need 104 - 3',NULL,0,'2025-10-13 01:07:16','2025-10-13 20:07:16'),(150,104,1,'自动响应内容，need 104 - 4',NULL,0,'2025-10-12 11:07:16','2025-10-13 22:07:16'),(151,105,1,'自动响应内容，need 105 - 1',NULL,0,'2025-11-09 21:51:39','2025-11-10 05:51:39'),(152,105,2,'自动响应内容，need 105 - 2',NULL,2,'2025-11-16 14:51:39','2025-11-18 05:51:39'),(153,106,2,'自动响应内容，need 106 - 1',NULL,0,'2025-04-16 05:16:56','2025-04-17 19:16:56'),(154,107,1,'自动响应内容，need 107 - 1',NULL,0,'2025-03-30 03:48:50','2025-03-31 10:48:50'),(155,107,3,'自动响应内容，need 107 - 2',NULL,1,'2025-03-28 18:48:50','2025-03-30 05:48:50'),(156,108,1,'自动响应内容，need 108 - 1',NULL,3,'2025-01-09 09:36:22','2025-01-10 00:36:22'),(157,109,3,'自动响应内容，need 109 - 1',NULL,0,'2025-08-26 16:48:34','2025-08-27 06:48:34'),(158,110,2,'自动响应内容，need 110 - 1',NULL,0,'2025-02-18 16:20:21','2025-02-19 11:20:21'),(159,111,2,'自动响应内容，need 111 - 1',NULL,2,'2025-09-15 13:21:07','2025-09-16 04:21:07'),(160,111,2,'自动响应内容，need 111 - 2',NULL,0,'2025-09-22 05:21:07','2025-09-24 01:21:07'),(161,111,3,'自动响应内容，need 111 - 3',NULL,0,'2025-09-17 13:21:07','2025-09-19 02:21:07'),(162,112,2,'自动响应内容，need 112 - 1',NULL,1,'2025-05-08 13:48:27','2025-05-10 05:48:27'),(163,112,2,'自动响应内容，need 112 - 2',NULL,0,'2025-05-10 13:48:27','2025-05-11 07:48:27'),(164,113,2,'自动响应内容，need 113 - 1',NULL,0,'2025-07-09 02:23:50','2025-07-10 05:23:50'),(165,114,3,'自动响应内容，need 114 - 1',NULL,2,'2025-02-28 10:36:22','2025-03-02 08:36:22'),(166,114,3,'自动响应内容，need 114 - 2',NULL,1,'2025-03-06 04:36:22','2025-03-07 17:36:22'),(167,116,3,'自动响应内容，need 116 - 1',NULL,0,'2025-01-17 07:13:51','2025-01-17 22:13:51'),(168,118,1,'自动响应内容，need 118 - 1',NULL,0,'2025-04-13 06:53:22','2025-04-13 12:53:22'),(169,118,2,'自动响应内容，need 118 - 2',NULL,0,'2025-04-06 11:53:22','2025-04-06 19:53:22'),(170,119,2,'自动响应内容，need 119 - 1',NULL,0,'2025-02-21 12:40:12','2025-02-23 04:40:12'),(171,119,2,'自动响应内容，need 119 - 2',NULL,2,'2025-02-24 06:40:12','2025-02-24 11:40:12'),(172,119,3,'自动响应内容，need 119 - 3',NULL,0,'2025-02-20 01:40:12','2025-02-20 08:40:12'),(173,119,2,'自动响应内容，need 119 - 4',NULL,0,'2025-02-23 00:40:12','2025-02-23 05:40:12'),(174,120,1,'自动响应内容，need 120 - 1',NULL,0,'2025-11-17 08:04:51','2025-11-18 01:04:51'),(175,121,1,'自动响应内容，need 121 - 1',NULL,0,'2025-10-20 19:51:36','2025-10-22 18:51:36'),(176,121,1,'自动响应内容，need 121 - 2',NULL,2,'2025-10-15 23:51:36','2025-10-17 18:51:36'),(177,121,3,'自动响应内容，need 121 - 3',NULL,0,'2025-10-21 05:51:36','2025-10-23 05:51:36'),(178,122,3,'自动响应内容，need 122 - 1',NULL,0,'2025-07-26 15:17:57','2025-07-27 13:17:57'),(179,123,1,'自动响应内容，need 123 - 1',NULL,1,'2025-10-10 14:18:08','2025-10-10 16:18:08'),(180,124,3,'自动响应内容，need 124 - 1',NULL,0,'2025-08-03 06:04:38','2025-08-04 13:04:38'),(181,124,1,'自动响应内容，need 124 - 2',NULL,0,'2025-08-07 06:04:38','2025-08-08 22:04:38'),(182,124,3,'自动响应内容，need 124 - 3',NULL,0,'2025-08-09 07:04:38','2025-08-09 15:04:38'),(183,125,2,'自动响应内容，need 125 - 1',NULL,0,'2025-04-21 14:56:59','2025-04-22 01:56:59'),(184,126,1,'自动响应内容，need 126 - 1',NULL,3,'2025-01-07 07:48:15','2025-01-09 02:48:15'),(185,128,3,'自动响应内容，need 128 - 1',NULL,0,'2025-08-11 08:10:22','2025-08-12 22:10:22'),(186,128,3,'自动响应内容，need 128 - 2',NULL,0,'2025-08-08 18:10:22','2025-08-09 20:10:22'),(187,129,3,'自动响应内容，need 129 - 1',NULL,0,'2025-08-29 10:55:20','2025-08-29 12:55:20'),(188,130,2,'自动响应内容，need 130 - 1',NULL,0,'2025-10-24 13:24:16','2025-10-25 06:24:16'),(189,130,1,'自动响应内容，need 130 - 2',NULL,1,'2025-10-25 21:24:16','2025-10-26 19:24:16'),(190,131,2,'自动响应内容，need 131 - 1',NULL,2,'2025-01-23 14:01:20','2025-01-24 16:01:20'),(191,132,1,'自动响应内容，need 132 - 1',NULL,0,'2025-06-24 01:59:27','2025-06-24 06:59:27'),(192,133,1,'自动响应内容，need 133 - 1',NULL,3,'2025-05-16 11:28:43','2025-05-16 15:28:43'),(193,133,1,'自动响应内容，need 133 - 2',NULL,0,'2025-05-24 03:28:43','2025-05-24 09:28:43'),(194,133,3,'自动响应内容，need 133 - 3',NULL,0,'2025-05-17 09:28:43','2025-05-18 16:28:43'),(195,134,2,'自动响应内容，need 134 - 1',NULL,0,'2025-07-10 14:21:33','2025-07-11 05:21:33'),(196,134,2,'自动响应内容，need 134 - 2',NULL,0,'2025-07-03 16:21:33','2025-07-05 16:21:33'),(197,134,2,'自动响应内容，need 134 - 3',NULL,2,'2025-07-04 10:21:33','2025-07-06 02:21:33'),(198,135,3,'自动响应内容，need 135 - 1',NULL,3,'2025-05-28 00:46:40','2025-05-28 23:46:40'),(199,135,3,'自动响应内容，need 135 - 2',NULL,0,'2025-05-22 23:46:40','2025-05-23 09:46:40'),(200,135,3,'自动响应内容，need 135 - 3',NULL,0,'2025-05-29 03:46:40','2025-05-30 07:46:40'),(201,135,1,'自动响应内容，need 135 - 4',NULL,0,'2025-05-21 09:46:40','2025-05-22 18:46:40'),(202,137,3,'自动响应内容，need 137 - 1',NULL,0,'2025-09-08 10:39:19','2025-09-10 10:39:19'),(203,138,3,'自动响应内容，need 138 - 1',NULL,1,'2025-04-01 14:18:38','2025-04-01 22:18:38'),(204,139,3,'自动响应内容，need 139 - 1',NULL,1,'2025-02-11 22:38:48','2025-02-13 12:38:48'),(205,139,3,'自动响应内容，need 139 - 2',NULL,0,'2025-02-08 00:38:48','2025-02-08 13:38:48'),(206,139,1,'自动响应内容，need 139 - 3',NULL,2,'2025-02-06 07:38:48','2025-02-07 17:38:48'),(207,140,3,'自动响应内容，need 140 - 1',NULL,0,'2025-09-16 00:12:28','2025-09-17 11:12:28'),(208,140,1,'自动响应内容，need 140 - 2',NULL,0,'2025-09-09 15:12:28','2025-09-11 03:12:28'),(209,142,3,'自动响应内容，need 142 - 1',NULL,0,'2025-03-12 16:58:35','2025-03-13 02:58:35'),(210,145,2,'自动响应内容，need 145 - 1',NULL,0,'2025-08-10 13:30:45','2025-08-10 16:30:45'),(211,146,1,'自动响应内容，need 146 - 1',NULL,0,'2025-07-03 05:11:37','2025-07-04 10:11:37'),(212,146,3,'自动响应内容，need 146 - 2',NULL,0,'2025-07-10 12:11:37','2025-07-10 16:11:37'),(213,148,1,'自动响应内容，need 148 - 1',NULL,2,'2025-03-22 00:37:58','2025-03-23 03:37:58'),(214,148,3,'自动响应内容，need 148 - 2',NULL,0,'2025-03-28 23:37:58','2025-03-30 05:37:58'),(215,149,1,'自动响应内容，need 149 - 1',NULL,0,'2025-05-13 20:06:51','2025-05-14 08:06:51'),(216,149,1,'自动响应内容，need 149 - 2',NULL,2,'2025-05-23 05:06:51','2025-05-24 13:06:51'),(217,150,3,'自动响应内容，need 150 - 1',NULL,0,'2025-03-01 13:57:44','2025-03-01 13:57:44'),(218,150,3,'自动响应内容，need 150 - 2',NULL,1,'2025-03-01 01:57:44','2025-03-03 00:57:44'),(219,150,2,'自动响应内容，need 150 - 3',NULL,1,'2025-03-07 03:57:44','2025-03-08 07:57:44'),(220,150,1,'自动响应内容，need 150 - 4',NULL,0,'2025-03-05 13:57:44','2025-03-06 02:57:44'),(221,151,1,'自动响应内容，need 151 - 1',NULL,3,'2025-11-21 06:28:04','2025-11-22 16:28:04'),(222,152,3,'自动响应内容，need 152 - 1',NULL,2,'2025-07-21 10:01:46','2025-07-22 20:01:46'),(223,152,2,'自动响应内容，need 152 - 2',NULL,0,'2025-07-19 20:01:46','2025-07-21 15:01:46'),(224,153,3,'自动响应内容，need 153 - 1',NULL,1,'2025-10-27 16:40:35','2025-10-28 13:40:35'),(225,153,2,'自动响应内容，need 153 - 2',NULL,1,'2025-10-24 19:40:35','2025-10-26 12:40:35'),(226,154,2,'自动响应内容，need 154 - 1',NULL,2,'2025-03-14 14:14:58','2025-03-15 18:14:58'),(227,154,1,'自动响应内容，need 154 - 2',NULL,1,'2025-03-08 09:14:58','2025-03-09 01:14:58'),(228,155,3,'自动响应内容，need 155 - 1',NULL,0,'2025-10-25 12:03:16','2025-10-26 07:03:16'),(229,155,1,'自动响应内容，need 155 - 2',NULL,0,'2025-10-28 14:03:16','2025-10-30 08:03:16'),(230,155,1,'自动响应内容，need 155 - 3',NULL,1,'2025-11-01 02:03:16','2025-11-01 07:03:16'),(231,156,2,'自动响应内容，need 156 - 1',NULL,3,'2025-08-30 20:37:12','2025-09-01 01:37:12'),(232,156,1,'自动响应内容，need 156 - 2',NULL,0,'2025-08-25 12:37:12','2025-08-27 12:37:12'),(233,156,1,'自动响应内容，need 156 - 3',NULL,0,'2025-08-26 09:37:12','2025-08-27 23:37:12'),(234,157,3,'自动响应内容，need 157 - 1',NULL,2,'2025-08-30 07:11:01','2025-09-01 03:11:01'),(235,158,2,'自动响应内容，need 158 - 1',NULL,2,'2025-09-24 03:29:59','2025-09-24 22:29:59'),(236,158,2,'自动响应内容，need 158 - 2',NULL,0,'2025-09-17 18:29:59','2025-09-19 00:29:59'),(237,159,2,'自动响应内容，need 159 - 1',NULL,0,'2025-03-12 22:42:15','2025-03-13 21:42:15'),(238,160,2,'自动响应内容，need 160 - 1',NULL,0,'2025-01-09 16:46:01','2025-01-10 15:46:01'),(239,161,2,'自动响应内容，need 161 - 1',NULL,2,'2025-07-25 12:05:45','2025-07-25 23:05:45'),(240,161,2,'自动响应内容，need 161 - 2',NULL,0,'2025-07-28 18:05:45','2025-07-30 18:05:45'),(241,161,2,'自动响应内容，need 161 - 3',NULL,3,'2025-07-23 21:05:45','2025-07-23 23:05:45'),(242,163,2,'自动响应内容，need 163 - 1',NULL,3,'2025-05-17 03:59:33','2025-05-18 11:59:33'),(243,164,3,'自动响应内容，need 164 - 1',NULL,0,'2025-10-14 17:20:37','2025-10-16 06:20:37'),(244,165,1,'自动响应内容，need 165 - 1',NULL,0,'2025-11-16 22:17:25','2025-11-18 10:17:25'),(245,166,2,'自动响应内容，need 166 - 1',NULL,0,'2025-03-16 00:18:03','2025-03-16 23:18:03'),(246,169,2,'自动响应内容，need 169 - 1',NULL,0,'2025-07-19 17:39:44','2025-07-21 13:39:44'),(247,170,3,'自动响应内容，need 170 - 1',NULL,2,'2025-08-11 04:12:22','2025-08-12 14:12:22'),(248,171,1,'自动响应内容，need 171 - 1',NULL,1,'2025-01-31 18:09:37','2025-02-02 06:09:37'),(249,172,3,'自动响应内容，need 172 - 1',NULL,1,'2025-05-09 21:14:01','2025-05-10 19:14:01'),(250,172,1,'自动响应内容，need 172 - 2',NULL,1,'2025-05-13 00:14:01','2025-05-14 06:14:01'),(251,173,2,'自动响应内容，need 173 - 1',NULL,2,'2025-03-25 17:04:22','2025-03-26 02:04:22'),(252,174,3,'自动响应内容，need 174 - 1',NULL,0,'2025-08-17 01:56:22','2025-08-17 05:56:22'),(253,174,3,'自动响应内容，need 174 - 2',NULL,0,'2025-08-19 03:56:22','2025-08-20 20:56:22'),(254,175,2,'自动响应内容，need 175 - 1',NULL,0,'2025-09-06 04:45:32','2025-09-07 19:45:32'),(255,176,1,'自动响应内容，need 176 - 1',NULL,3,'2025-11-20 04:42:54','2025-11-21 04:42:54'),(256,176,3,'自动响应内容，need 176 - 2',NULL,3,'2025-11-14 08:42:54','2025-11-15 01:42:54'),(257,176,1,'自动响应内容，need 176 - 3',NULL,0,'2025-11-21 00:42:54','2025-11-21 04:42:54'),(258,177,1,'自动响应内容，need 177 - 1',NULL,1,'2025-04-24 19:43:15','2025-04-26 12:43:15'),(259,178,1,'自动响应内容，need 178 - 1',NULL,0,'2025-04-13 05:43:10','2025-04-13 20:43:10'),(260,178,2,'自动响应内容，need 178 - 2',NULL,1,'2025-04-07 16:43:10','2025-04-08 19:43:10'),(261,179,2,'自动响应内容，need 179 - 1',NULL,0,'2025-09-14 20:00:37','2025-09-16 08:00:37'),(262,179,1,'自动响应内容，need 179 - 2',NULL,0,'2025-09-23 23:00:37','2025-09-24 11:00:37'),(263,180,3,'自动响应内容，need 180 - 1',NULL,0,'2025-12-23 22:21:51','2025-12-24 20:21:51'),(264,181,3,'自动响应内容，need 181 - 1',NULL,2,'2025-06-29 22:52:42','2025-06-30 20:52:42'),(265,182,3,'自动响应内容，need 182 - 1',NULL,2,'2025-08-08 05:11:30','2025-08-09 08:11:30'),(266,182,2,'自动响应内容，need 182 - 2',NULL,0,'2025-08-08 07:11:30','2025-08-09 16:11:30'),(267,182,2,'自动响应内容，need 182 - 3',NULL,0,'2025-08-04 15:11:30','2025-08-04 18:11:30'),(268,182,2,'自动响应内容，need 182 - 4',NULL,0,'2025-08-13 10:11:30','2025-08-14 20:11:30'),(269,183,2,'自动响应内容，need 183 - 1',NULL,1,'2025-02-05 09:42:31','2025-02-05 15:42:31'),(270,183,1,'自动响应内容，need 183 - 2',NULL,0,'2025-02-04 06:42:31','2025-02-06 05:42:31'),(271,184,2,'自动响应内容，need 184 - 1',NULL,0,'2025-10-19 13:18:15','2025-10-19 14:18:15'),(272,185,1,'自动响应内容，need 185 - 1',NULL,1,'2025-05-19 04:44:23','2025-05-19 17:44:23'),(273,185,1,'自动响应内容，need 185 - 2',NULL,2,'2025-05-23 03:44:23','2025-05-25 03:44:23'),(274,185,1,'自动响应内容，need 185 - 3',NULL,0,'2025-05-22 21:44:23','2025-05-24 04:44:23'),(275,186,1,'自动响应内容，need 186 - 1',NULL,0,'2025-06-11 11:27:08','2025-06-12 20:27:08'),(276,187,2,'自动响应内容，need 187 - 1',NULL,0,'2025-05-16 03:48:01','2025-05-16 18:48:01'),(277,187,3,'自动响应内容，need 187 - 2',NULL,2,'2025-05-18 22:48:01','2025-05-19 16:48:01'),(278,187,3,'自动响应内容，need 187 - 3',NULL,2,'2025-05-15 03:48:01','2025-05-16 11:48:01'),(279,188,1,'自动响应内容，need 188 - 1',NULL,0,'2025-11-17 20:27:09','2025-11-18 09:27:09'),(280,188,3,'自动响应内容，need 188 - 2',NULL,3,'2025-11-21 22:27:09','2025-11-22 09:27:09'),(281,188,1,'自动响应内容，need 188 - 3',NULL,0,'2025-11-20 08:27:09','2025-11-21 13:27:09'),(282,189,3,'自动响应内容，need 189 - 1',NULL,0,'2025-11-14 13:26:56','2025-11-15 20:26:56'),(283,190,1,'自动响应内容，need 190 - 1',NULL,0,'2025-06-23 16:28:07','2025-06-24 16:28:07'),(284,190,1,'自动响应内容，need 190 - 2',NULL,2,'2025-06-19 06:28:07','2025-06-19 20:28:07'),(285,191,3,'自动响应内容，need 191 - 1',NULL,2,'2025-11-27 16:42:11','2025-11-29 16:42:11'),(286,191,3,'自动响应内容，need 191 - 2',NULL,1,'2025-11-27 06:42:11','2025-11-28 05:42:11'),(287,191,3,'自动响应内容，need 191 - 3',NULL,0,'2025-11-27 21:42:11','2025-11-29 14:42:11'),(288,191,3,'自动响应内容，need 191 - 4',NULL,0,'2025-11-24 12:42:11','2025-11-24 19:42:11'),(289,192,3,'自动响应内容，need 192 - 1',NULL,2,'2025-06-19 06:06:33','2025-06-19 20:06:33'),(290,193,3,'自动响应内容，need 193 - 1',NULL,0,'2025-10-08 03:12:18','2025-10-09 02:12:18'),(291,194,3,'自动响应内容，need 194 - 1',NULL,2,'2025-12-23 14:39:51','2025-12-25 10:39:51'),(292,194,1,'自动响应内容，need 194 - 2',NULL,2,'2025-12-27 10:39:51','2025-12-29 06:39:51'),(293,195,2,'自动响应内容，need 195 - 1',NULL,1,'2025-01-26 05:09:40','2025-01-27 22:09:40'),(294,196,3,'自动响应内容，need 196 - 1',NULL,0,'2025-12-26 23:34:00','2025-12-28 19:34:00'),(295,197,2,'自动响应内容，need 197 - 1',NULL,3,'2025-05-28 05:57:40','2025-05-29 10:57:40'),(296,197,2,'自动响应内容，need 197 - 2',NULL,0,'2025-06-03 13:57:40','2025-06-04 09:57:40'),(297,198,2,'自动响应内容，need 198 - 1',NULL,0,'2025-03-17 05:36:15','2025-03-18 19:36:15'),(298,199,1,'自动响应内容，need 199 - 1',NULL,0,'2025-12-19 00:39:07','2025-12-19 11:39:07'),(299,199,1,'自动响应内容，need 199 - 2',NULL,0,'2025-12-18 01:39:07','2025-12-19 21:39:07'),(300,200,2,'自动响应内容，need 200 - 1',NULL,1,'2025-08-13 12:18:26','2025-08-15 06:18:26'),(301,201,2,'自动响应内容，need 201 - 1',NULL,0,'2025-03-14 18:46:44','2025-03-14 21:46:44'),(302,204,2,'自动响应内容，need 204 - 1',NULL,1,'2025-11-11 13:03:08','2025-11-12 08:03:08'),(303,205,3,'自动响应内容，need 205 - 1',NULL,0,'2025-07-04 12:17:57','2025-07-05 00:17:57'),(304,206,3,'自动响应内容，need 206 - 1',NULL,1,'2025-06-06 18:36:28','2025-06-07 01:36:28'),(305,206,3,'自动响应内容，need 206 - 2',NULL,2,'2025-06-10 15:36:28','2025-06-12 00:36:28'),(306,206,2,'自动响应内容，need 206 - 3',NULL,2,'2025-06-09 04:36:28','2025-06-11 02:36:28'),(307,207,1,'自动响应内容，need 207 - 1',NULL,3,'2025-12-19 14:52:55','2025-12-20 02:52:55'),(308,208,1,'自动响应内容，need 208 - 1',NULL,0,'2025-09-07 00:12:02','2025-09-07 13:12:02'),(309,208,2,'自动响应内容，need 208 - 2',NULL,1,'2025-09-09 16:12:02','2025-09-11 15:12:02'),(310,208,2,'自动响应内容，need 208 - 3',NULL,1,'2025-09-04 08:12:02','2025-09-06 04:12:02'),(311,208,2,'自动响应内容，need 208 - 4',NULL,1,'2025-09-11 12:12:02','2025-09-12 20:12:02'),(312,209,3,'自动响应内容，need 209 - 1',NULL,1,'2025-11-02 02:53:18','2025-11-03 01:53:18'),(313,209,1,'自动响应内容，need 209 - 2',NULL,0,'2025-11-10 12:53:18','2025-11-12 01:53:18'),(314,210,2,'自动响应内容，need 210 - 1',NULL,0,'2025-08-20 19:40:04','2025-08-21 03:40:04'),(315,211,2,'自动响应内容，need 211 - 1',NULL,0,'2025-04-13 08:40:06','2025-04-15 03:40:06'),(316,212,2,'自动响应内容，need 212 - 1',NULL,0,'2025-07-08 13:51:34','2025-07-09 11:51:34'),(317,213,1,'自动响应内容，need 213 - 1',NULL,3,'2025-03-31 06:37:23','2025-03-31 19:37:23'),(318,214,1,'自动响应内容，need 214 - 1',NULL,0,'2025-04-07 00:53:28','2025-04-07 20:53:28'),(319,215,1,'自动响应内容，need 215 - 1',NULL,0,'2025-10-22 06:40:20','2025-10-23 16:40:20'),(320,216,1,'自动响应内容，need 216 - 1',NULL,1,'2025-06-16 06:45:41','2025-06-18 05:45:41'),(321,216,1,'自动响应内容，need 216 - 2',NULL,0,'2025-06-21 16:45:41','2025-06-22 20:45:41'),(322,216,3,'自动响应内容，need 216 - 3',NULL,1,'2025-06-25 05:45:41','2025-06-25 16:45:41'),(323,217,2,'自动响应内容，need 217 - 1',NULL,0,'2025-03-20 14:37:38','2025-03-22 09:37:38'),(324,217,2,'自动响应内容，need 217 - 2',NULL,1,'2025-03-18 14:37:38','2025-03-19 05:37:38'),(325,217,2,'自动响应内容，need 217 - 3',NULL,0,'2025-03-25 23:37:38','2025-03-26 15:37:38'),(326,217,3,'自动响应内容，need 217 - 4',NULL,0,'2025-03-19 21:37:38','2025-03-21 13:37:38'),(327,218,3,'自动响应内容，need 218 - 1',NULL,0,'2025-08-15 16:37:33','2025-08-16 02:37:33'),(328,219,1,'自动响应内容，need 219 - 1',NULL,0,'2025-01-21 06:16:19','2025-01-21 07:16:19'),(329,220,2,'自动响应内容，need 220 - 1',NULL,2,'2025-10-25 05:49:52','2025-10-27 03:49:52'),(330,220,2,'自动响应内容，need 220 - 2',NULL,0,'2025-10-25 07:49:52','2025-10-25 13:49:52'),(331,222,2,'自动响应内容，need 222 - 1',NULL,1,'2025-05-26 03:58:52','2025-05-27 16:58:52'),(332,222,3,'自动响应内容，need 222 - 2',NULL,1,'2025-05-29 11:58:52','2025-05-29 15:58:52'),(333,223,3,'自动响应内容，need 223 - 1',NULL,2,'2025-08-15 08:25:54','2025-08-15 19:25:54'),(334,224,1,'自动响应内容，need 224 - 1',NULL,0,'2025-09-09 08:34:13','2025-09-09 23:34:13'),(335,226,2,'自动响应内容，need 226 - 1',NULL,2,'2025-09-09 22:09:36','2025-09-10 18:09:36'),(336,226,2,'自动响应内容，need 226 - 2',NULL,0,'2025-09-04 17:09:36','2025-09-05 01:09:36'),(337,227,2,'自动响应内容，need 227 - 1',NULL,0,'2025-09-28 07:50:51','2025-09-29 08:50:51'),(338,228,3,'自动响应内容，need 228 - 1',NULL,2,'2025-03-15 01:03:21','2025-03-15 07:03:21'),(339,229,3,'自动响应内容，need 229 - 1',NULL,0,'2025-06-19 16:26:38','2025-06-21 13:26:38'),(340,230,1,'自动响应内容，need 230 - 1',NULL,0,'2025-05-09 00:41:34','2025-05-10 03:41:34'),(341,231,3,'自动响应内容，need 231 - 1',NULL,0,'2025-10-20 13:09:30','2025-10-22 08:09:30'),(342,231,2,'自动响应内容，need 231 - 2',NULL,2,'2025-10-28 00:09:30','2025-10-28 20:09:30'),(343,231,1,'自动响应内容，need 231 - 3',NULL,1,'2025-10-21 07:09:30','2025-10-21 18:09:30'),(344,232,2,'自动响应内容，need 232 - 1',NULL,0,'2025-02-14 20:36:18','2025-02-16 12:36:18'),(345,233,1,'自动响应内容，need 233 - 1',NULL,1,'2025-04-08 01:33:04','2025-04-09 12:33:04'),(346,233,3,'自动响应内容，need 233 - 2',NULL,0,'2025-04-14 01:33:04','2025-04-15 01:33:04'),(347,233,3,'自动响应内容，need 233 - 3',NULL,0,'2025-04-11 15:33:04','2025-04-12 15:33:04'),(348,233,3,'自动响应内容，need 233 - 4',NULL,0,'2025-04-15 17:33:04','2025-04-16 09:33:04'),(349,234,2,'自动响应内容，need 234 - 1',NULL,0,'2025-04-29 06:42:55','2025-04-29 09:42:55'),(350,235,1,'自动响应内容，need 235 - 1',NULL,0,'2025-02-11 11:29:01','2025-02-12 15:29:01'),(351,235,2,'自动响应内容，need 235 - 2',NULL,0,'2025-02-14 11:29:01','2025-02-16 00:29:01'),(352,236,2,'自动响应内容，need 236 - 1',NULL,1,'2025-01-24 19:15:41','2025-01-25 23:15:41'),(353,236,2,'自动响应内容，need 236 - 2',NULL,0,'2025-01-18 18:15:41','2025-01-20 09:15:41'),(354,237,1,'自动响应内容，need 237 - 1',NULL,0,'2025-10-24 21:52:06','2025-10-25 17:52:06'),(355,239,1,'自动响应内容，need 239 - 1',NULL,3,'2025-10-26 12:39:31','2025-10-27 10:39:31'),(356,240,2,'自动响应内容，need 240 - 1',NULL,0,'2025-06-18 20:02:34','2025-06-19 06:02:34'),(357,240,2,'自动响应内容，need 240 - 2',NULL,2,'2025-06-24 20:02:34','2025-06-26 12:02:34'),(358,240,2,'自动响应内容，need 240 - 3',NULL,1,'2025-06-22 08:02:34','2025-06-22 08:02:34'),(359,240,1,'自动响应内容，need 240 - 4',NULL,0,'2025-06-17 18:02:34','2025-06-19 06:02:34'),(360,241,2,'自动响应内容，need 241 - 1',NULL,1,'2025-02-18 22:15:25','2025-02-19 10:15:25'),(361,241,2,'自动响应内容，need 241 - 2',NULL,2,'2025-02-13 21:15:25','2025-02-14 09:15:25'),(362,241,1,'自动响应内容，need 241 - 3',NULL,2,'2025-02-12 07:15:25','2025-02-12 16:15:25'),(363,242,1,'自动响应内容，need 242 - 1',NULL,0,'2025-08-27 07:10:13','2025-08-27 10:10:13'),(364,243,3,'自动响应内容，need 243 - 1',NULL,0,'2025-02-25 16:21:40','2025-02-26 09:21:40'),(365,243,3,'自动响应内容，need 243 - 2',NULL,0,'2025-03-01 03:21:40','2025-03-02 18:21:40'),(366,245,2,'自动响应内容，need 245 - 1',NULL,0,'2025-09-26 10:02:50','2025-09-27 22:02:50'),(367,246,1,'自动响应内容，need 246 - 1',NULL,0,'2025-02-03 06:35:03','2025-02-04 21:35:03'),(368,246,2,'自动响应内容，need 246 - 2',NULL,2,'2025-02-07 01:35:03','2025-02-07 07:35:03'),(369,247,3,'自动响应内容，need 247 - 1',NULL,1,'2025-07-21 21:47:00','2025-07-22 16:47:00'),(370,247,2,'自动响应内容，need 247 - 2',NULL,0,'2025-07-20 18:47:00','2025-07-22 07:47:00'),(371,247,3,'自动响应内容，need 247 - 3',NULL,1,'2025-07-21 20:47:00','2025-07-23 05:47:00'),(372,247,2,'自动响应内容，need 247 - 4',NULL,1,'2025-07-24 08:47:00','2025-07-24 18:47:00'),(373,248,1,'自动响应内容，need 248 - 1',NULL,0,'2025-10-20 22:16:02','2025-10-22 08:16:02'),(374,249,1,'自动响应内容，need 249 - 1',NULL,2,'2025-09-12 09:03:53','2025-09-13 22:03:53'),(375,249,2,'自动响应内容，need 249 - 2',NULL,0,'2025-09-19 23:03:53','2025-09-20 09:03:53'),(376,250,2,'自动响应内容，need 250 - 1',NULL,1,'2025-08-06 16:51:38','2025-08-06 20:51:38'),(377,250,1,'自动响应内容，need 250 - 2',NULL,1,'2025-08-08 04:51:38','2025-08-09 06:51:38'),(378,251,1,'自动响应内容，need 251 - 1',NULL,1,'2025-10-31 04:49:33','2025-11-02 04:49:33'),(379,252,1,'自动响应内容，need 252 - 1',NULL,0,'2025-06-18 07:19:16','2025-06-19 10:19:16'),(380,252,2,'自动响应内容，need 252 - 2',NULL,2,'2025-06-16 09:19:16','2025-06-18 09:19:16'),(381,253,3,'自动响应内容，need 253 - 1',NULL,0,'2025-07-01 09:30:26','2025-07-01 13:30:26'),(382,254,1,'自动响应内容，need 254 - 1',NULL,0,'2025-06-21 14:39:10','2025-06-21 14:39:10'),(383,255,2,'自动响应内容，need 255 - 1',NULL,2,'2025-12-21 09:39:35','2025-12-22 19:39:35'),(384,256,1,'自动响应内容，need 256 - 1',NULL,0,'2025-03-11 16:02:03','2025-03-11 16:02:03'),(385,256,1,'自动响应内容，need 256 - 2',NULL,0,'2025-03-08 22:02:03','2025-03-09 07:02:03'),(386,258,3,'自动响应内容，need 258 - 1',NULL,0,'2025-09-11 23:50:23','2025-09-12 18:50:23'),(387,260,3,'自动响应内容，need 260 - 1',NULL,1,'2025-08-13 20:01:30','2025-08-15 18:01:30'),(388,261,2,'自动响应内容，need 261 - 1',NULL,0,'2025-03-10 11:38:28','2025-03-12 05:38:28'),(389,262,2,'自动响应内容，need 262 - 1',NULL,0,'2025-11-07 07:52:31','2025-11-07 11:52:31'),(390,263,1,'自动响应内容，need 263 - 1',NULL,0,'2025-04-26 20:12:58','2025-04-27 20:12:58'),(391,263,1,'自动响应内容，need 263 - 2',NULL,0,'2025-04-30 00:12:58','2025-05-01 20:12:58'),(392,264,1,'自动响应内容，need 264 - 1',NULL,0,'2025-09-19 05:59:11','2025-09-19 22:59:11'),(393,264,1,'自动响应内容，need 264 - 2',NULL,0,'2025-09-21 12:59:11','2025-09-22 02:59:11'),(394,266,3,'自动响应内容，need 266 - 1',NULL,0,'2025-11-11 05:43:01','2025-11-12 04:43:01'),(395,267,2,'自动响应内容，need 267 - 1',NULL,1,'2025-11-09 00:26:08','2025-11-09 01:26:08'),(396,268,1,'自动响应内容，need 268 - 1',NULL,1,'2025-11-02 19:17:31','2025-11-04 14:17:31'),(397,268,2,'自动响应内容，need 268 - 2',NULL,1,'2025-11-04 16:17:31','2025-11-05 03:17:31'),(398,269,3,'自动响应内容，need 269 - 1',NULL,0,'2025-06-12 15:05:51','2025-06-13 01:05:51'),(399,270,1,'自动响应内容，need 270 - 1',NULL,0,'2025-03-24 14:35:57','2025-03-24 16:35:57'),(400,272,3,'自动响应内容，need 272 - 1',NULL,0,'2025-10-09 04:11:12','2025-10-09 04:11:12'),(401,272,3,'自动响应内容，need 272 - 2',NULL,0,'2025-10-13 20:11:12','2025-10-14 02:11:12'),(402,272,1,'自动响应内容，need 272 - 3',NULL,0,'2025-10-05 20:11:12','2025-10-06 14:11:12'),(403,272,2,'自动响应内容，need 272 - 4',NULL,0,'2025-10-07 21:11:12','2025-10-08 05:11:12'),(404,273,2,'自动响应内容，need 273 - 1',NULL,0,'2025-09-07 18:28:21','2025-09-09 07:28:21'),(405,274,2,'自动响应内容，need 274 - 1',NULL,0,'2025-09-10 13:24:01','2025-09-11 09:24:01'),(406,275,3,'自动响应内容，need 275 - 1',NULL,0,'2025-07-10 16:47:30','2025-07-12 15:47:30'),(407,276,3,'自动响应内容，need 276 - 1',NULL,1,'2025-11-11 12:56:07','2025-11-12 02:56:07'),(408,276,3,'自动响应内容，need 276 - 2',NULL,0,'2025-11-14 16:56:07','2025-11-15 14:56:07'),(409,277,1,'自动响应内容，need 277 - 1',NULL,2,'2025-07-20 02:54:56','2025-07-20 02:54:56'),(410,277,2,'自动响应内容，need 277 - 2',NULL,0,'2025-07-15 09:54:56','2025-07-15 20:54:56'),(411,278,2,'自动响应内容，need 278 - 1',NULL,2,'2025-11-24 06:22:56','2025-11-24 15:22:56'),(412,278,1,'自动响应内容，need 278 - 2',NULL,1,'2025-11-26 12:22:56','2025-11-27 19:22:56'),(413,278,2,'自动响应内容，need 278 - 3',NULL,0,'2025-11-29 04:22:56','2025-11-29 18:22:56'),(414,279,1,'自动响应内容，need 279 - 1',NULL,0,'2026-01-04 02:08:27','2026-01-04 07:08:27'),(415,280,3,'自动响应内容，need 280 - 1',NULL,0,'2025-06-15 06:15:39','2025-06-16 11:15:39'),(416,280,2,'自动响应内容，need 280 - 2',NULL,2,'2025-06-15 23:15:39','2025-06-17 02:15:39'),(417,280,3,'自动响应内容，need 280 - 3',NULL,1,'2025-06-16 07:15:39','2025-06-16 15:15:39'),(418,280,2,'自动响应内容，need 280 - 4',NULL,2,'2025-06-18 00:15:39','2025-06-18 16:15:39'),(419,281,3,'自动响应内容，need 281 - 1',NULL,1,'2025-07-24 16:55:23','2025-07-26 08:55:23'),(420,281,3,'自动响应内容，need 281 - 2',NULL,0,'2025-07-17 15:55:23','2025-07-19 04:55:23'),(421,282,1,'自动响应内容，need 282 - 1',NULL,1,'2025-02-09 18:33:30','2025-02-10 13:33:30'),(422,283,3,'自动响应内容，need 283 - 1',NULL,0,'2025-07-04 13:17:17','2025-07-06 02:17:17'),(423,283,2,'自动响应内容，need 283 - 2',NULL,3,'2025-07-08 03:17:17','2025-07-08 19:17:17'),(424,283,2,'自动响应内容，need 283 - 3',NULL,1,'2025-07-03 12:17:17','2025-07-03 20:17:17'),(425,284,3,'自动响应内容，need 284 - 1',NULL,1,'2025-09-14 04:56:38','2025-09-15 16:56:38'),(426,284,2,'自动响应内容，need 284 - 2',NULL,0,'2025-09-19 02:56:38','2025-09-19 04:56:38'),(427,284,2,'自动响应内容，need 284 - 3',NULL,0,'2025-09-22 03:56:38','2025-09-22 18:56:38'),(428,285,3,'自动响应内容，need 285 - 1',NULL,0,'2025-10-25 19:10:18','2025-10-26 23:10:18'),(429,287,1,'自动响应内容，need 287 - 1',NULL,2,'2025-08-24 14:11:54','2025-08-25 22:11:54'),(430,288,2,'自动响应内容，need 288 - 1',NULL,2,'2025-03-11 04:27:26','2025-03-12 10:27:26'),(431,289,1,'自动响应内容，need 289 - 1',NULL,0,'2025-04-19 20:19:24','2025-04-21 13:19:24'),(432,289,2,'自动响应内容，need 289 - 2',NULL,0,'2025-04-23 16:19:24','2025-04-25 02:19:24'),(433,289,2,'自动响应内容，need 289 - 3',NULL,2,'2025-04-15 23:19:24','2025-04-16 11:19:24'),(434,291,3,'自动响应内容，need 291 - 1',NULL,0,'2025-08-09 17:46:06','2025-08-11 15:46:06'),(435,291,3,'自动响应内容，need 291 - 2',NULL,1,'2025-08-16 05:46:06','2025-08-17 20:46:06'),(436,291,3,'自动响应内容，need 291 - 3',NULL,0,'2025-08-10 08:46:06','2025-08-10 17:46:06'),(437,291,2,'自动响应内容，need 291 - 4',NULL,3,'2025-08-11 19:46:06','2025-08-12 07:46:06'),(438,292,1,'自动响应内容，need 292 - 1',NULL,0,'2025-12-13 05:52:01','2025-12-14 08:52:01'),(439,292,3,'自动响应内容，need 292 - 2',NULL,1,'2025-12-07 05:52:01','2025-12-07 05:52:01'),(440,292,1,'自动响应内容，need 292 - 3',NULL,0,'2025-12-08 05:52:01','2025-12-10 00:52:01'),(441,292,3,'自动响应内容，need 292 - 4',NULL,0,'2025-12-08 11:52:01','2025-12-08 16:52:01'),(442,293,2,'自动响应内容，need 293 - 1',NULL,2,'2025-12-14 06:34:04','2025-12-14 20:34:04'),(443,293,2,'自动响应内容，need 293 - 2',NULL,1,'2025-12-17 13:34:04','2025-12-17 23:34:04'),(444,294,3,'自动响应内容，need 294 - 1',NULL,0,'2025-01-28 14:16:18','2025-01-28 19:16:18'),(445,294,2,'自动响应内容，need 294 - 2',NULL,0,'2025-01-26 12:16:18','2025-01-28 06:16:18'),(446,296,1,'自动响应内容，need 296 - 1',NULL,0,'2025-08-01 22:20:32','2025-08-02 04:20:32'),(447,296,2,'自动响应内容，need 296 - 2',NULL,1,'2025-07-28 16:20:32','2025-07-30 00:20:32'),(448,297,3,'自动响应内容，need 297 - 1',NULL,3,'2025-11-03 05:47:01','2025-11-04 05:47:01'),(449,298,3,'自动响应内容，need 298 - 1',NULL,0,'2025-09-06 00:54:16','2025-09-07 13:54:16'),(450,298,3,'自动响应内容，need 298 - 2',NULL,0,'2025-09-08 21:54:16','2025-09-08 21:54:16'),(451,298,3,'自动响应内容，need 298 - 3',NULL,3,'2025-09-10 19:54:16','2025-09-11 04:54:16'),(452,299,3,'自动响应内容，need 299 - 1',NULL,1,'2025-01-16 02:24:30','2025-01-16 19:24:30'),(453,300,2,'自动响应内容，need 300 - 1',NULL,1,'2025-05-25 12:22:26','2025-05-25 15:22:26'),(454,302,3,'自动响应内容，need 302 - 1',NULL,0,'2025-03-26 23:36:51','2025-03-28 15:36:51'),(455,303,1,'自动响应内容，need 303 - 1',NULL,1,'2025-03-24 12:01:04','2025-03-26 04:01:04'),(456,306,1,'自动响应内容，need 306 - 1',NULL,0,'2025-10-19 00:04:10','2025-10-19 14:04:10'),(457,306,1,'自动响应内容，need 306 - 2',NULL,3,'2025-10-17 00:04:10','2025-10-17 23:04:10'),(458,306,3,'自动响应内容，need 306 - 3',NULL,2,'2025-10-27 01:04:10','2025-10-28 23:04:10'),(459,308,1,'自动响应内容，need 308 - 1',NULL,1,'2025-03-09 01:21:39','2025-03-10 06:21:39'),(460,309,3,'自动响应内容，need 309 - 1',NULL,0,'2025-03-17 22:08:22','2025-03-18 02:08:22'),(461,309,2,'自动响应内容，need 309 - 2',NULL,0,'2025-03-22 04:08:22','2025-03-22 15:08:22'),(462,309,1,'自动响应内容，need 309 - 3',NULL,0,'2025-03-19 18:08:22','2025-03-21 06:08:22'),(463,310,2,'自动响应内容，need 310 - 1',NULL,1,'2025-01-18 08:21:59','2025-01-19 12:21:59'),(464,310,1,'自动响应内容，need 310 - 2',NULL,3,'2025-01-16 22:21:59','2025-01-17 14:21:59'),(465,311,2,'自动响应内容，need 311 - 1',NULL,1,'2025-05-28 08:04:48','2025-05-29 05:04:48'),(466,311,3,'自动响应内容，need 311 - 2',NULL,0,'2025-05-27 09:04:48','2025-05-28 17:04:48'),(467,311,3,'自动响应内容，need 311 - 3',NULL,0,'2025-05-22 19:04:48','2025-05-24 10:04:48'),(468,311,3,'自动响应内容，need 311 - 4',NULL,2,'2025-05-29 16:04:48','2025-05-30 02:04:48'),(469,312,3,'自动响应内容，need 312 - 1',NULL,0,'2025-10-25 15:17:39','2025-10-27 02:17:39'),(470,313,2,'自动响应内容，need 313 - 1',NULL,0,'2025-12-17 18:11:33','2025-12-19 00:11:33'),(471,314,2,'自动响应内容，need 314 - 1',NULL,1,'2025-01-23 02:54:04','2025-01-24 19:54:04'),(472,314,2,'自动响应内容，need 314 - 2',NULL,0,'2025-01-23 16:54:04','2025-01-23 16:54:04'),(473,314,1,'自动响应内容，need 314 - 3',NULL,0,'2025-02-02 10:54:04','2025-02-03 03:54:04'),(474,314,2,'自动响应内容，need 314 - 4',NULL,1,'2025-01-23 22:54:04','2025-01-25 01:54:04'),(475,315,2,'自动响应内容，need 315 - 1',NULL,0,'2025-04-21 07:00:54','2025-04-21 22:00:54'),(476,315,3,'自动响应内容，need 315 - 2',NULL,1,'2025-04-28 20:00:54','2025-04-30 05:00:54'),(477,315,2,'自动响应内容，need 315 - 3',NULL,2,'2025-04-19 12:00:54','2025-04-19 19:00:54'),(478,316,1,'自动响应内容，need 316 - 1',NULL,1,'2025-10-05 05:05:37','2025-10-05 08:05:37'),(479,316,2,'自动响应内容，need 316 - 2',NULL,0,'2025-10-06 17:05:37','2025-10-07 11:05:37'),(480,318,3,'自动响应内容，need 318 - 1',NULL,1,'2025-05-14 20:00:37','2025-05-15 01:00:37'),(481,318,2,'自动响应内容，need 318 - 2',NULL,1,'2025-05-20 05:00:37','2025-05-20 11:00:37'),(482,318,1,'自动响应内容，need 318 - 3',NULL,1,'2025-05-15 15:00:37','2025-05-16 08:00:37'),(483,318,2,'自动响应内容，need 318 - 4',NULL,1,'2025-05-14 14:00:37','2025-05-15 15:00:37'),(484,320,1,'自动响应内容，need 320 - 1',NULL,0,'2025-05-12 04:37:00','2025-05-12 13:37:00'),(485,320,2,'自动响应内容，need 320 - 2',NULL,2,'2025-05-16 06:37:00','2025-05-17 05:37:00'),(486,320,1,'自动响应内容，need 320 - 3',NULL,0,'2025-05-08 04:37:00','2025-05-09 20:37:00'),(487,320,1,'自动响应内容，need 320 - 4',NULL,0,'2025-05-16 21:37:00','2025-05-17 18:37:00'),(488,321,1,'自动响应内容，need 321 - 1',NULL,1,'2025-06-13 21:08:09','2025-06-14 21:08:09'),(489,322,1,'自动响应内容，need 322 - 1',NULL,0,'2025-06-28 09:44:10','2025-06-30 04:44:10'),(490,322,2,'自动响应内容，need 322 - 2',NULL,0,'2025-06-25 15:44:10','2025-06-26 17:44:10'),(491,323,1,'自动响应内容，need 323 - 1',NULL,0,'2025-05-16 05:20:21','2025-05-17 13:20:21'),(492,325,3,'自动响应内容，need 325 - 1',NULL,0,'2025-03-14 04:49:22','2025-03-16 03:49:22'),(493,326,1,'自动响应内容，need 326 - 1',NULL,0,'2025-11-30 12:29:57','2025-12-02 10:29:57'),(494,326,2,'自动响应内容，need 326 - 2',NULL,0,'2025-11-23 11:29:57','2025-11-23 19:29:57'),(495,326,2,'自动响应内容，need 326 - 3',NULL,2,'2025-11-23 02:29:57','2025-11-23 20:29:57'),(496,327,2,'自动响应内容，need 327 - 1',NULL,0,'2025-03-16 22:57:15','2025-03-17 16:57:15'),(497,328,1,'自动响应内容，need 328 - 1',NULL,2,'2025-06-01 17:33:12','2025-06-01 21:33:12'),(498,329,3,'自动响应内容，need 329 - 1',NULL,0,'2025-11-11 07:20:54','2025-11-12 02:20:54'),(499,330,3,'自动响应内容，need 330 - 1',NULL,2,'2025-03-13 05:15:00','2025-03-14 10:15:00'),(500,332,1,'自动响应内容，need 332 - 1',NULL,0,'2025-06-10 01:51:00','2025-06-11 00:51:00'),(501,333,3,'自动响应内容，need 333 - 1',NULL,0,'2025-11-15 02:52:31','2025-11-15 16:52:31'),(502,333,3,'自动响应内容，need 333 - 2',NULL,1,'2025-11-06 10:52:31','2025-11-07 05:52:31'),(503,333,1,'自动响应内容，need 333 - 3',NULL,0,'2025-11-07 03:52:31','2025-11-07 10:52:31'),(504,334,3,'自动响应内容，need 334 - 1',NULL,0,'2025-04-18 18:45:41','2025-04-20 15:45:41'),(505,334,2,'自动响应内容，need 334 - 2',NULL,1,'2025-04-18 00:45:41','2025-04-18 06:45:41'),(506,335,3,'自动响应内容，need 335 - 1',NULL,0,'2025-03-05 06:57:03','2025-03-06 15:57:03'),(507,335,2,'自动响应内容，need 335 - 2',NULL,0,'2025-03-04 00:57:03','2025-03-04 11:57:03'),(508,338,1,'自动响应内容，need 338 - 1',NULL,2,'2025-07-03 02:59:37','2025-07-04 08:59:37'),(509,338,3,'自动响应内容，need 338 - 2',NULL,1,'2025-07-03 00:59:37','2025-07-03 08:59:37'),(510,339,1,'自动响应内容，need 339 - 1',NULL,0,'2025-02-12 00:49:40','2025-02-12 05:49:40'),(511,339,2,'自动响应内容，need 339 - 2',NULL,0,'2025-02-07 09:49:40','2025-02-07 16:49:40'),(512,339,2,'自动响应内容，need 339 - 3',NULL,3,'2025-02-11 23:49:40','2025-02-13 02:49:40'),(513,340,2,'自动响应内容，need 340 - 1',NULL,1,'2025-04-13 16:07:33','2025-04-14 22:07:33'),(514,341,2,'自动响应内容，need 341 - 1',NULL,2,'2025-02-12 03:16:53','2025-02-13 11:16:53'),(515,341,3,'自动响应内容，need 341 - 2',NULL,2,'2025-02-09 06:16:53','2025-02-10 13:16:53'),(516,342,3,'自动响应内容，need 342 - 1',NULL,1,'2025-09-28 06:32:44','2025-09-28 11:32:44'),(517,342,1,'自动响应内容，need 342 - 2',NULL,2,'2025-09-30 16:32:44','2025-10-01 11:32:44'),(518,342,1,'自动响应内容，need 342 - 3',NULL,1,'2025-09-27 22:32:44','2025-09-29 17:32:44'),(519,343,3,'自动响应内容，need 343 - 1',NULL,0,'2025-12-29 20:53:03','2025-12-31 10:53:03'),(520,344,2,'自动响应内容，need 344 - 1',NULL,2,'2025-01-23 23:13:15','2025-01-25 10:13:15'),(521,345,3,'自动响应内容，need 345 - 1',NULL,0,'2025-09-16 07:58:57','2025-09-18 07:58:57'),(522,345,3,'自动响应内容，need 345 - 2',NULL,0,'2025-09-20 04:58:57','2025-09-21 18:58:57'),(523,346,1,'自动响应内容，need 346 - 1',NULL,0,'2025-04-22 01:33:58','2025-04-22 11:33:58'),(524,346,1,'自动响应内容，need 346 - 2',NULL,2,'2025-04-27 23:33:58','2025-04-29 16:33:58'),(525,346,2,'自动响应内容，need 346 - 3',NULL,0,'2025-04-27 06:33:58','2025-04-28 12:33:58'),(526,349,2,'自动响应内容，need 349 - 1',NULL,1,'2025-08-17 05:02:05','2025-08-17 14:02:05'),(527,349,1,'自动响应内容，need 349 - 2',NULL,0,'2025-08-26 11:02:05','2025-08-28 09:02:05'),(528,349,3,'自动响应内容，need 349 - 3',NULL,3,'2025-08-19 02:02:05','2025-08-20 05:02:05'),(529,349,1,'自动响应内容，need 349 - 4',NULL,0,'2025-08-21 08:02:05','2025-08-22 07:02:05'),(530,351,1,'自动响应内容，need 351 - 1',NULL,0,'2025-05-18 19:44:21','2025-05-20 00:44:21'),(531,353,3,'自动响应内容，need 353 - 1',NULL,1,'2025-02-05 15:52:07','2025-02-06 09:52:07'),(532,354,1,'自动响应内容，need 354 - 1',NULL,0,'2025-10-23 04:58:32','2025-10-24 02:58:32'),(533,354,1,'自动响应内容，need 354 - 2',NULL,0,'2025-10-26 00:58:32','2025-10-26 00:58:32'),(534,354,3,'自动响应内容，need 354 - 3',NULL,0,'2025-10-25 01:58:32','2025-10-25 15:58:32'),(535,354,3,'自动响应内容，need 354 - 4',NULL,3,'2025-10-22 00:58:32','2025-10-22 07:58:32'),(536,355,3,'自动响应内容，need 355 - 1',NULL,2,'2025-02-25 00:30:45','2025-02-25 07:30:45'),(537,355,1,'自动响应内容，need 355 - 2',NULL,0,'2025-02-26 21:30:45','2025-02-27 16:30:45'),(538,356,3,'自动响应内容，need 356 - 1',NULL,0,'2025-04-22 02:01:22','2025-04-22 02:01:22'),(539,357,2,'自动响应内容，need 357 - 1',NULL,2,'2025-07-20 08:39:13','2025-07-20 10:39:13'),(540,358,3,'自动响应内容，need 358 - 1',NULL,1,'2025-12-24 12:50:46','2025-12-25 11:50:46'),(541,359,2,'自动响应内容，need 359 - 1',NULL,1,'2025-11-30 01:57:25','2025-11-30 18:57:25'),(542,361,1,'自动响应内容，need 361 - 1',NULL,1,'2025-08-25 04:06:18','2025-08-26 18:06:18'),(543,362,2,'自动响应内容，need 362 - 1',NULL,0,'2025-12-24 02:29:05','2025-12-24 13:29:05'),(544,362,3,'自动响应内容，need 362 - 2',NULL,0,'2025-12-25 08:29:05','2025-12-26 19:29:05'),(545,362,3,'自动响应内容，need 362 - 3',NULL,0,'2025-12-22 04:29:05','2025-12-22 21:29:05'),(546,362,2,'自动响应内容，need 362 - 4',NULL,2,'2025-12-23 13:29:05','2025-12-24 18:29:05'),(547,363,1,'自动响应内容，need 363 - 1',NULL,1,'2025-05-20 02:43:07','2025-05-21 00:43:07'),(548,363,2,'自动响应内容，need 363 - 2',NULL,0,'2025-05-20 20:43:07','2025-05-21 18:43:07'),(549,363,1,'自动响应内容，need 363 - 3',NULL,0,'2025-05-29 10:43:07','2025-05-31 00:43:07'),(550,364,1,'自动响应内容，need 364 - 1',NULL,2,'2025-10-28 11:40:47','2025-10-28 22:40:47'),(551,365,1,'自动响应内容，need 365 - 1',NULL,0,'2025-08-11 08:01:26','2025-08-13 02:01:26'),(552,365,1,'自动响应内容，need 365 - 2',NULL,1,'2025-08-13 09:01:26','2025-08-14 23:01:26'),(553,365,1,'自动响应内容，need 365 - 3',NULL,0,'2025-08-14 06:01:26','2025-08-16 02:01:26'),(554,365,2,'自动响应内容，need 365 - 4',NULL,0,'2025-08-08 21:01:26','2025-08-10 08:01:26'),(555,366,3,'自动响应内容，need 366 - 1',NULL,0,'2025-12-25 11:19:22','2025-12-26 20:19:22'),(556,366,1,'自动响应内容，need 366 - 2',NULL,0,'2025-12-25 00:19:22','2025-12-25 20:19:22'),(557,366,1,'自动响应内容，need 366 - 3',NULL,0,'2025-12-25 14:19:22','2025-12-26 19:19:22'),(558,367,1,'自动响应内容，need 367 - 1',NULL,2,'2025-07-10 05:20:40','2025-07-11 09:20:40'),(559,367,3,'自动响应内容，need 367 - 2',NULL,1,'2025-07-08 14:20:40','2025-07-09 20:20:40'),(560,367,2,'自动响应内容，need 367 - 3',NULL,0,'2025-07-08 17:20:40','2025-07-09 20:20:40'),(561,367,3,'自动响应内容，need 367 - 4',NULL,1,'2025-07-16 18:20:40','2025-07-17 10:20:40'),(562,368,3,'自动响应内容，need 368 - 1',NULL,2,'2025-02-17 03:18:50','2025-02-18 13:18:50'),(563,368,1,'自动响应内容，need 368 - 2',NULL,0,'2025-02-22 06:18:50','2025-02-23 03:18:50'),(564,369,1,'自动响应内容，need 369 - 1',NULL,0,'2025-03-13 23:10:36','2025-03-15 19:10:36'),(565,369,3,'自动响应内容，need 369 - 2',NULL,0,'2025-03-19 16:10:36','2025-03-20 15:10:36'),(566,369,3,'自动响应内容，need 369 - 3',NULL,1,'2025-03-16 05:10:36','2025-03-16 08:10:36'),(567,370,2,'自动响应内容，need 370 - 1',NULL,0,'2025-07-11 16:43:24','2025-07-11 17:43:24'),(568,371,2,'自动响应内容，need 371 - 1',NULL,1,'2025-09-11 02:26:58','2025-09-11 17:26:58'),(569,371,2,'自动响应内容，need 371 - 2',NULL,0,'2025-09-15 04:26:58','2025-09-16 17:26:58'),(570,372,2,'自动响应内容，need 372 - 1',NULL,0,'2025-07-11 18:56:07','2025-07-12 14:56:07'),(571,372,1,'自动响应内容，need 372 - 2',NULL,1,'2025-07-06 20:56:07','2025-07-06 21:56:07'),(572,373,3,'自动响应内容，need 373 - 1',NULL,0,'2025-03-02 20:51:22','2025-03-03 06:51:22'),(573,373,2,'自动响应内容，need 373 - 2',NULL,1,'2025-03-04 14:51:22','2025-03-05 22:51:22'),(574,373,2,'自动响应内容，need 373 - 3',NULL,0,'2025-02-25 00:51:22','2025-02-25 19:51:22'),(575,373,3,'自动响应内容，need 373 - 4',NULL,0,'2025-03-03 00:51:22','2025-03-03 11:51:22'),(576,374,2,'自动响应内容，need 374 - 1',NULL,0,'2025-09-29 15:45:07','2025-09-30 14:45:07'),(577,376,2,'自动响应内容，need 376 - 1',NULL,0,'2025-08-20 03:26:28','2025-08-20 17:26:28'),(578,378,1,'自动响应内容，need 378 - 1',NULL,1,'2025-09-20 14:46:52','2025-09-22 07:46:52'),(579,378,2,'自动响应内容，need 378 - 2',NULL,0,'2025-09-22 23:46:52','2025-09-24 18:46:52'),(580,378,2,'自动响应内容，need 378 - 3',NULL,0,'2025-09-25 04:46:52','2025-09-26 03:46:52'),(581,378,2,'自动响应内容，need 378 - 4',NULL,1,'2025-09-26 08:46:52','2025-09-26 23:46:52'),(582,382,2,'自动响应内容，need 382 - 1',NULL,1,'2025-02-20 01:13:24','2025-02-20 19:13:24'),(583,382,1,'自动响应内容，need 382 - 2',NULL,0,'2025-02-24 13:13:24','2025-02-25 02:13:24'),(584,383,2,'自动响应内容，need 383 - 1',NULL,0,'2025-09-22 06:24:28','2025-09-23 21:24:28'),(585,383,1,'自动响应内容，need 383 - 2',NULL,1,'2025-09-20 19:24:28','2025-09-22 18:24:28'),(586,384,2,'自动响应内容，need 384 - 1',NULL,0,'2025-03-26 20:47:45','2025-03-27 04:47:45'),(587,385,2,'自动响应内容，need 385 - 1',NULL,0,'2025-12-31 03:09:14','2025-12-31 15:09:14'),(588,386,1,'自动响应内容，need 386 - 1',NULL,1,'2025-09-24 14:40:25','2025-09-25 19:40:25'),(589,388,1,'自动响应内容，need 388 - 1',NULL,0,'2025-07-18 07:04:25','2025-07-18 20:04:25'),(590,389,3,'自动响应内容，need 389 - 1',NULL,0,'2025-11-22 19:26:15','2025-11-23 17:26:15'),(591,390,3,'自动响应内容，need 390 - 1',NULL,2,'2025-04-20 21:41:42','2025-04-22 04:41:42'),(592,390,3,'自动响应内容，need 390 - 2',NULL,0,'2025-04-15 05:41:42','2025-04-16 07:41:42'),(593,390,3,'自动响应内容，need 390 - 3',NULL,0,'2025-04-15 23:41:42','2025-04-17 08:41:42'),(594,391,3,'自动响应内容，need 391 - 1',NULL,0,'2025-06-26 22:09:17','2025-06-28 21:09:17'),(595,391,2,'自动响应内容，need 391 - 2',NULL,0,'2025-06-22 00:09:17','2025-06-22 18:09:17'),(596,392,3,'自动响应内容，need 392 - 1',NULL,0,'2025-12-20 09:18:29','2025-12-22 01:18:29'),(597,393,1,'自动响应内容，need 393 - 1',NULL,1,'2025-12-10 19:40:09','2025-12-11 09:40:09'),(598,393,2,'自动响应内容，need 393 - 2',NULL,0,'2025-12-13 22:40:09','2025-12-15 12:40:09'),(599,395,3,'自动响应内容，need 395 - 1',NULL,0,'2025-03-10 18:40:16','2025-03-12 15:40:16'),(600,396,3,'自动响应内容，need 396 - 1',NULL,0,'2025-11-29 03:54:17','2025-11-30 20:54:17'),(601,397,2,'自动响应内容，need 397 - 1',NULL,0,'2025-05-05 04:31:05','2025-05-05 07:31:05'),(602,397,1,'自动响应内容，need 397 - 2',NULL,0,'2025-05-05 06:31:05','2025-05-05 15:31:05'),(603,398,2,'自动响应内容，need 398 - 1',NULL,0,'2025-05-22 23:23:06','2025-05-23 12:23:06'),(604,399,2,'自动响应内容，need 399 - 1',NULL,2,'2025-03-28 02:57:50','2025-03-29 03:57:50'),(605,400,3,'自动响应内容，need 400 - 1',NULL,1,'2025-03-23 21:42:55','2025-03-24 23:42:55'),(606,401,1,'自动响应内容，need 401 - 1',NULL,2,'2025-10-03 13:19:11','2025-10-04 01:19:11'),(607,402,3,'自动响应内容，need 402 - 1',NULL,0,'2025-02-14 08:05:23','2025-02-14 09:05:23'),(608,403,3,'自动响应内容，need 403 - 1',NULL,0,'2025-10-26 02:23:54','2025-10-26 15:23:54'),(609,404,3,'自动响应内容，need 404 - 1',NULL,0,'2025-01-22 23:23:10','2025-01-23 11:23:10'),(610,404,1,'自动响应内容，need 404 - 2',NULL,0,'2025-01-22 02:23:10','2025-01-22 13:23:10'),(611,405,3,'自动响应内容，need 405 - 1',NULL,0,'2025-05-07 10:52:05','2025-05-08 14:52:05'),(612,405,3,'自动响应内容，need 405 - 2',NULL,0,'2025-05-10 19:52:05','2025-05-11 21:52:05'),(613,405,2,'自动响应内容，need 405 - 3',NULL,0,'2025-05-12 00:52:05','2025-05-12 06:52:05'),(614,406,2,'自动响应内容，need 406 - 1',NULL,0,'2025-08-28 12:55:59','2025-08-29 02:55:59'),(615,406,1,'自动响应内容，need 406 - 2',NULL,0,'2025-08-26 06:55:59','2025-08-26 06:55:59'),(616,406,2,'自动响应内容，need 406 - 3',NULL,0,'2025-08-30 20:55:59','2025-08-31 00:55:59'),(617,406,2,'自动响应内容，need 406 - 4',NULL,3,'2025-08-22 03:55:59','2025-08-23 16:55:59'),(618,407,3,'自动响应内容，need 407 - 1',NULL,3,'2025-05-18 18:13:24','2025-05-18 21:13:24'),(619,407,3,'自动响应内容，need 407 - 2',NULL,0,'2025-05-16 21:13:24','2025-05-17 15:13:24'),(620,408,2,'自动响应内容，need 408 - 1',NULL,0,'2025-06-09 11:53:30','2025-06-11 10:53:30'),(621,409,2,'自动响应内容，need 409 - 1',NULL,0,'2025-01-27 04:20:22','2025-01-28 08:20:22'),(622,409,3,'自动响应内容，need 409 - 2',NULL,1,'2025-01-30 04:20:22','2025-01-31 10:20:22'),(623,411,3,'自动响应内容，need 411 - 1',NULL,1,'2025-09-16 15:38:22','2025-09-16 15:38:22'),(624,411,1,'自动响应内容，need 411 - 2',NULL,0,'2025-09-15 09:38:22','2025-09-17 07:38:22'),(625,411,2,'自动响应内容，need 411 - 3',NULL,2,'2025-09-14 23:38:22','2025-09-15 00:38:22'),(626,411,1,'自动响应内容，need 411 - 4',NULL,2,'2025-09-06 23:38:22','2025-09-08 05:38:22'),(627,412,2,'自动响应内容，need 412 - 1',NULL,0,'2025-07-04 16:53:17','2025-07-04 21:53:17'),(628,412,3,'自动响应内容，need 412 - 2',NULL,0,'2025-07-10 04:53:17','2025-07-11 11:53:17'),(629,413,2,'自动响应内容，need 413 - 1',NULL,0,'2025-10-24 05:52:44','2025-10-25 23:52:44'),(630,413,2,'自动响应内容，need 413 - 2',NULL,2,'2025-10-31 12:52:44','2025-11-01 11:52:44'),(631,413,3,'自动响应内容，need 413 - 3',NULL,0,'2025-10-31 10:52:44','2025-11-02 05:52:44'),(632,414,3,'自动响应内容，need 414 - 1',NULL,1,'2025-02-23 23:19:25','2025-02-25 03:19:25'),(633,414,2,'自动响应内容，need 414 - 2',NULL,0,'2025-02-18 16:19:25','2025-02-18 21:19:25'),(634,414,3,'自动响应内容，need 414 - 3',NULL,0,'2025-02-20 11:19:25','2025-02-20 16:19:25'),(635,415,3,'自动响应内容，need 415 - 1',NULL,0,'2025-11-09 18:35:43','2025-11-10 21:35:43'),(636,415,1,'自动响应内容，need 415 - 2',NULL,2,'2025-11-11 20:35:43','2025-11-12 01:35:43'),(637,416,2,'自动响应内容，need 416 - 1',NULL,1,'2025-05-21 18:52:03','2025-05-22 07:52:03'),(638,417,3,'自动响应内容，need 417 - 1',NULL,1,'2025-06-19 19:54:18','2025-06-21 14:54:18'),(639,417,2,'自动响应内容，need 417 - 2',NULL,1,'2025-06-21 02:54:18','2025-06-21 08:54:18'),(640,417,2,'自动响应内容，need 417 - 3',NULL,0,'2025-06-22 08:54:18','2025-06-22 19:54:18'),(641,418,2,'自动响应内容，need 418 - 1',NULL,0,'2025-07-18 08:17:27','2025-07-18 21:17:27'),(642,418,1,'自动响应内容，need 418 - 2',NULL,0,'2025-07-12 03:17:27','2025-07-13 09:17:27'),(643,419,1,'自动响应内容，need 419 - 1',NULL,0,'2025-01-21 13:01:34','2025-01-22 03:01:34'),(644,419,1,'自动响应内容，need 419 - 2',NULL,2,'2025-01-20 08:01:34','2025-01-22 00:01:34'),(645,420,2,'自动响应内容，need 420 - 1',NULL,1,'2025-09-27 22:34:47','2025-09-29 13:34:47'),(646,420,1,'自动响应内容，need 420 - 2',NULL,2,'2025-09-25 17:34:47','2025-09-27 11:34:47'),(647,420,2,'自动响应内容，need 420 - 3',NULL,0,'2025-09-18 07:34:47','2025-09-18 20:34:47'),(648,421,3,'自动响应内容，need 421 - 1',NULL,1,'2025-11-28 20:05:30','2025-11-29 15:05:30'),(649,421,3,'自动响应内容，need 421 - 2',NULL,0,'2025-11-22 00:05:30','2025-11-22 06:05:30'),(650,422,3,'自动响应内容，need 422 - 1',NULL,0,'2025-08-07 05:56:42','2025-08-08 01:56:42'),(651,422,3,'自动响应内容，need 422 - 2',NULL,0,'2025-08-11 09:56:42','2025-08-12 07:56:42'),(652,422,2,'自动响应内容，need 422 - 3',NULL,1,'2025-08-09 04:56:42','2025-08-11 03:56:42'),(653,423,1,'自动响应内容，need 423 - 1',NULL,0,'2025-04-23 12:20:26','2025-04-24 21:20:26'),(654,424,2,'自动响应内容，need 424 - 1',NULL,2,'2025-03-12 00:46:36','2025-03-13 15:46:36'),(655,425,2,'自动响应内容，need 425 - 1',NULL,1,'2025-11-13 15:56:06','2025-11-14 02:56:06'),(656,425,3,'自动响应内容，need 425 - 2',NULL,2,'2025-11-16 20:56:06','2025-11-17 16:56:06'),(657,426,2,'自动响应内容，need 426 - 1',NULL,0,'2025-11-11 08:37:34','2025-11-12 10:37:34'),(658,427,2,'自动响应内容，need 427 - 1',NULL,0,'2025-07-31 07:47:26','2025-08-01 19:47:26'),(659,428,3,'自动响应内容，need 428 - 1',NULL,1,'2025-12-06 23:52:21','2025-12-07 01:52:21'),(660,428,3,'自动响应内容，need 428 - 2',NULL,1,'2025-12-05 16:52:21','2025-12-07 04:52:21'),(661,428,3,'自动响应内容，need 428 - 3',NULL,0,'2025-12-08 13:52:21','2025-12-09 02:52:21'),(662,429,2,'自动响应内容，need 429 - 1',NULL,2,'2025-03-25 09:41:17','2025-03-26 19:41:17'),(663,429,2,'自动响应内容，need 429 - 2',NULL,0,'2025-03-25 20:41:17','2025-03-26 15:41:17'),(664,429,1,'自动响应内容，need 429 - 3',NULL,0,'2025-03-20 18:41:17','2025-03-20 18:41:17'),(665,430,1,'自动响应内容，need 430 - 1',NULL,2,'2025-06-19 03:23:06','2025-06-19 08:23:06'),(666,430,2,'自动响应内容，need 430 - 2',NULL,1,'2025-06-13 13:23:06','2025-06-15 10:23:06'),(667,430,3,'自动响应内容，need 430 - 3',NULL,0,'2025-06-16 07:23:06','2025-06-16 19:23:06'),(668,431,1,'自动响应内容，need 431 - 1',NULL,2,'2025-08-01 03:35:50','2025-08-02 06:35:50'),(669,432,3,'自动响应内容，need 432 - 1',NULL,1,'2025-09-26 15:18:16','2025-09-27 08:18:16'),(670,432,2,'自动响应内容，need 432 - 2',NULL,0,'2025-09-23 10:18:16','2025-09-23 23:18:16'),(671,433,3,'自动响应内容，need 433 - 1',NULL,0,'2025-10-09 03:47:19','2025-10-09 18:47:19'),(672,434,3,'自动响应内容，need 434 - 1',NULL,0,'2025-12-06 13:01:31','2025-12-08 04:01:31'),(673,434,2,'自动响应内容，need 434 - 2',NULL,1,'2025-12-08 10:01:31','2025-12-09 05:01:31'),(674,435,2,'自动响应内容，need 435 - 1',NULL,2,'2025-08-09 01:24:24','2025-08-10 15:24:24'),(675,435,3,'自动响应内容，need 435 - 2',NULL,1,'2025-08-10 03:24:24','2025-08-10 04:24:24'),(676,436,3,'自动响应内容，need 436 - 1',NULL,1,'2025-09-19 02:41:22','2025-09-20 08:41:22'),(677,436,2,'自动响应内容，need 436 - 2',NULL,1,'2025-09-09 18:41:22','2025-09-10 10:41:22'),(678,436,3,'自动响应内容，need 436 - 3',NULL,0,'2025-09-12 22:41:22','2025-09-14 00:41:22'),(679,437,1,'自动响应内容，need 437 - 1',NULL,0,'2025-09-18 01:08:12','2025-09-18 02:08:12'),(680,437,1,'自动响应内容，need 437 - 2',NULL,0,'2025-09-18 15:08:12','2025-09-18 16:08:12'),(681,438,3,'自动响应内容，need 438 - 1',NULL,0,'2025-06-16 11:11:24','2025-06-16 16:11:24'),(682,438,1,'自动响应内容，need 438 - 2',NULL,3,'2025-06-20 05:11:24','2025-06-21 17:11:24'),(683,439,2,'自动响应内容，need 439 - 1',NULL,0,'2025-03-30 02:37:36','2025-03-31 10:37:36'),(684,439,2,'自动响应内容，need 439 - 2',NULL,1,'2025-03-25 12:37:36','2025-03-26 13:37:36'),(685,440,1,'自动响应内容，need 440 - 1',NULL,1,'2025-05-26 14:33:42','2025-05-26 14:33:42'),(686,441,1,'自动响应内容，need 441 - 1',NULL,3,'2025-07-18 11:42:38','2025-07-19 03:42:38'),(687,442,2,'自动响应内容，need 442 - 1',NULL,1,'2025-10-15 09:24:04','2025-10-16 07:24:04'),(688,443,1,'自动响应内容，need 443 - 1',NULL,0,'2025-03-03 14:35:38','2025-03-04 15:35:38'),(689,444,2,'自动响应内容，need 444 - 1',NULL,2,'2025-07-03 18:53:51','2025-07-04 07:53:51'),(690,444,1,'自动响应内容，need 444 - 2',NULL,2,'2025-07-12 07:53:51','2025-07-13 03:53:51'),(691,445,2,'自动响应内容，need 445 - 1',NULL,0,'2025-08-06 23:05:18','2025-08-08 23:05:18'),(692,445,3,'自动响应内容，need 445 - 2',NULL,0,'2025-08-12 03:05:18','2025-08-13 02:05:18'),(693,445,2,'自动响应内容，need 445 - 3',NULL,0,'2025-08-14 21:05:18','2025-08-16 00:05:18'),(694,445,3,'自动响应内容，need 445 - 4',NULL,0,'2025-08-13 02:05:18','2025-08-13 22:05:18'),(695,447,1,'自动响应内容，need 447 - 1',NULL,1,'2025-09-23 06:41:41','2025-09-23 13:41:41'),(696,447,3,'自动响应内容，need 447 - 2',NULL,0,'2025-09-26 13:41:41','2025-09-28 03:41:41'),(697,447,1,'自动响应内容，need 447 - 3',NULL,0,'2025-09-24 23:41:41','2025-09-26 10:41:41'),(698,448,1,'自动响应内容，need 448 - 1',NULL,0,'2025-12-10 12:35:16','2025-12-11 16:35:16'),(699,448,1,'自动响应内容，need 448 - 2',NULL,3,'2025-12-06 12:35:16','2025-12-08 11:35:16'),(700,448,1,'自动响应内容，need 448 - 3',NULL,0,'2025-12-14 21:35:16','2025-12-14 22:35:16'),(701,448,3,'自动响应内容，need 448 - 4',NULL,0,'2025-12-09 12:35:16','2025-12-10 09:35:16'),(702,449,2,'自动响应内容，need 449 - 1',NULL,0,'2025-12-23 12:22:48','2025-12-25 09:22:48'),(703,449,2,'自动响应内容，need 449 - 2',NULL,0,'2025-12-27 05:22:48','2025-12-28 10:22:48'),(704,449,3,'自动响应内容，need 449 - 3',NULL,0,'2025-12-29 19:22:48','2025-12-31 09:22:48'),(705,450,2,'自动响应内容，need 450 - 1',NULL,3,'2025-01-25 18:01:51','2025-01-27 02:01:51'),(706,451,1,'自动响应内容，need 451 - 1',NULL,0,'2025-12-19 23:38:17','2025-12-20 05:38:17'),(707,452,2,'自动响应内容，need 452 - 1',NULL,2,'2025-01-30 02:51:45','2025-01-30 22:51:45'),(708,452,3,'自动响应内容，need 452 - 2',NULL,1,'2025-01-23 20:51:45','2025-01-24 05:51:45'),(709,452,2,'自动响应内容，need 452 - 3',NULL,0,'2025-01-30 01:51:45','2025-01-31 01:51:45'),(710,453,2,'自动响应内容，need 453 - 1',NULL,0,'2025-07-14 06:48:33','2025-07-15 12:48:33'),(711,453,3,'自动响应内容，need 453 - 2',NULL,1,'2025-07-14 09:48:33','2025-07-16 06:48:33'),(712,455,1,'自动响应内容，need 455 - 1',NULL,0,'2025-05-23 03:10:43','2025-05-23 21:10:43'),(713,455,2,'自动响应内容，need 455 - 2',NULL,0,'2025-05-15 23:10:43','2025-05-16 20:10:43'),(714,457,3,'自动响应内容，need 457 - 1',NULL,1,'2025-03-30 19:19:34','2025-03-31 12:19:34'),(715,458,3,'自动响应内容，need 458 - 1',NULL,0,'2025-07-10 09:43:25','2025-07-10 15:43:25'),(716,459,1,'自动响应内容，need 459 - 1',NULL,1,'2025-04-12 00:02:22','2025-04-13 04:02:22'),(717,459,2,'自动响应内容，need 459 - 2',NULL,1,'2025-04-10 13:02:22','2025-04-11 09:02:22'),(718,459,1,'自动响应内容，need 459 - 3',NULL,1,'2025-04-16 07:02:22','2025-04-17 20:02:22'),(719,460,1,'自动响应内容，need 460 - 1',NULL,0,'2025-05-27 11:31:24','2025-05-28 13:31:24'),(720,461,1,'自动响应内容，need 461 - 1',NULL,3,'2025-11-08 15:01:00','2025-11-09 14:01:00'),(721,461,1,'自动响应内容，need 461 - 2',NULL,0,'2025-11-13 03:01:00','2025-11-14 04:01:00'),(722,461,3,'自动响应内容，need 461 - 3',NULL,0,'2025-11-11 06:01:00','2025-11-11 07:01:00'),(723,461,3,'自动响应内容，need 461 - 4',NULL,0,'2025-11-05 14:01:00','2025-11-07 07:01:00'),(724,462,3,'自动响应内容，need 462 - 1',NULL,0,'2025-12-16 10:59:24','2025-12-18 05:59:24'),(725,462,3,'自动响应内容，need 462 - 2',NULL,0,'2025-12-12 08:59:24','2025-12-12 09:59:24'),(726,462,3,'自动响应内容，need 462 - 3',NULL,3,'2025-12-17 23:59:24','2025-12-18 10:59:24'),(727,463,2,'自动响应内容，need 463 - 1',NULL,0,'2025-04-22 02:53:52','2025-04-23 21:53:52'),(728,464,1,'自动响应内容，need 464 - 1',NULL,1,'2025-03-25 03:48:03','2025-03-25 18:48:03'),(729,464,3,'自动响应内容，need 464 - 2',NULL,0,'2025-03-25 07:48:03','2025-03-26 22:48:03'),(730,465,3,'自动响应内容，need 465 - 1',NULL,1,'2025-11-23 11:13:02','2025-11-25 09:13:02'),(731,466,3,'自动响应内容，need 466 - 1',NULL,0,'2025-12-15 02:08:23','2025-12-15 16:08:23'),(732,467,3,'自动响应内容，need 467 - 1',NULL,0,'2025-04-13 03:58:35','2025-04-14 03:58:35'),(733,467,1,'自动响应内容，need 467 - 2',NULL,0,'2025-04-04 20:58:35','2025-04-06 14:58:35'),(734,467,1,'自动响应内容，need 467 - 3',NULL,0,'2025-04-09 04:58:35','2025-04-10 19:58:35'),(735,468,1,'自动响应内容，need 468 - 1',NULL,0,'2025-03-24 02:45:35','2025-03-25 14:45:35'),(736,469,2,'自动响应内容，need 469 - 1',NULL,0,'2025-08-30 17:12:44','2025-09-01 09:12:44'),(737,470,2,'自动响应内容，need 470 - 1',NULL,3,'2025-02-11 15:37:26','2025-02-13 05:37:26'),(738,470,2,'自动响应内容，need 470 - 2',NULL,2,'2025-02-18 20:37:26','2025-02-19 09:37:26'),(739,470,3,'自动响应内容，need 470 - 3',NULL,0,'2025-02-18 18:37:26','2025-02-20 07:37:26'),(740,470,2,'自动响应内容，need 470 - 4',NULL,0,'2025-02-09 22:37:26','2025-02-11 07:37:26'),(741,471,2,'自动响应内容，need 471 - 1',NULL,0,'2025-11-22 03:08:30','2025-11-23 03:08:30'),(742,472,1,'自动响应内容，need 472 - 1',NULL,0,'2025-08-28 06:24:34','2025-08-28 18:24:34'),(743,474,1,'自动响应内容，need 474 - 1',NULL,0,'2025-01-14 11:35:51','2025-01-15 00:35:51'),(744,475,2,'自动响应内容，need 475 - 1',NULL,2,'2025-08-23 02:16:10','2025-08-23 12:16:10'),(745,477,1,'自动响应内容，need 477 - 1',NULL,0,'2025-04-03 07:19:11','2025-04-03 14:19:11'),(746,478,3,'自动响应内容，need 478 - 1',NULL,0,'2025-07-23 19:49:34','2025-07-24 07:49:34'),(747,479,2,'自动响应内容，need 479 - 1',NULL,0,'2025-08-25 08:05:09','2025-08-26 23:05:09'),(748,479,1,'自动响应内容，need 479 - 2',NULL,0,'2025-08-24 05:05:09','2025-08-24 20:05:09'),(749,479,2,'自动响应内容，need 479 - 3',NULL,0,'2025-08-21 22:05:09','2025-08-23 11:05:09'),(750,481,1,'自动响应内容，need 481 - 1',NULL,0,'2025-10-06 07:37:40','2025-10-07 03:37:40'),(751,481,3,'自动响应内容，need 481 - 2',NULL,1,'2025-10-06 09:37:40','2025-10-07 17:37:40'),(752,482,3,'自动响应内容，need 482 - 1',NULL,2,'2025-06-03 05:08:48','2025-06-04 18:08:48'),(753,482,2,'自动响应内容，need 482 - 2',NULL,2,'2025-06-04 05:08:48','2025-06-05 17:08:48'),(754,483,1,'自动响应内容，need 483 - 1',NULL,0,'2025-06-01 16:44:53','2025-06-03 12:44:53'),(755,483,3,'自动响应内容，need 483 - 2',NULL,3,'2025-06-03 07:44:53','2025-06-03 11:44:53'),(756,484,3,'自动响应内容，need 484 - 1',NULL,0,'2025-04-21 20:48:55','2025-04-22 16:48:55'),(757,485,2,'自动响应内容，need 485 - 1',NULL,0,'2025-03-27 10:46:56','2025-03-28 11:46:56'),(758,486,2,'自动响应内容，need 486 - 1',NULL,3,'2025-01-09 05:45:32','2025-01-10 04:45:32'),(759,487,2,'自动响应内容，need 487 - 1',NULL,0,'2025-04-17 02:26:26','2025-04-17 16:26:26'),(760,487,2,'自动响应内容，need 487 - 2',NULL,0,'2025-04-10 01:26:26','2025-04-10 10:26:26'),(761,487,2,'自动响应内容，need 487 - 3',NULL,2,'2025-04-14 15:26:26','2025-04-14 21:26:26'),(762,488,2,'自动响应内容，need 488 - 1',NULL,0,'2025-08-19 23:05:13','2025-08-20 23:05:13'),(763,488,3,'自动响应内容，need 488 - 2',NULL,0,'2025-08-25 12:05:13','2025-08-26 05:05:13'),(764,488,2,'自动响应内容，need 488 - 3',NULL,2,'2025-08-23 23:05:13','2025-08-24 16:05:13'),(765,491,1,'自动响应内容，need 491 - 1',NULL,0,'2025-07-12 07:52:58','2025-07-13 01:52:58'),(766,491,1,'自动响应内容，need 491 - 2',NULL,1,'2025-07-16 14:52:58','2025-07-16 16:52:58'),(767,492,1,'自动响应内容，need 492 - 1',NULL,0,'2025-09-03 11:59:00','2025-09-04 10:59:00'),(768,493,1,'自动响应内容，need 493 - 1',NULL,0,'2025-01-19 03:49:02','2025-01-20 16:49:02'),(769,493,3,'自动响应内容，need 493 - 2',NULL,1,'2025-01-22 01:49:02','2025-01-23 10:49:02'),(770,494,2,'自动响应内容，need 494 - 1',NULL,2,'2025-05-19 02:28:33','2025-05-20 02:28:33'),(771,494,3,'自动响应内容，need 494 - 2',NULL,0,'2025-05-18 14:28:33','2025-05-20 08:28:33'),(772,495,3,'自动响应内容，need 495 - 1',NULL,0,'2025-08-10 09:55:13','2025-08-11 00:55:13'),(773,496,3,'自动响应内容，need 496 - 1',NULL,1,'2025-09-25 03:22:22','2025-09-25 04:22:22'),(774,497,2,'自动响应内容，need 497 - 1',NULL,2,'2025-04-15 06:11:56','2025-04-16 17:11:56'),(775,498,3,'自动响应内容，need 498 - 1',NULL,1,'2025-04-17 02:29:36','2025-04-18 05:29:36'),(776,499,2,'自动响应内容，need 499 - 1',NULL,0,'2025-03-05 05:28:35','2025-03-05 07:28:35'),(777,499,1,'自动响应内容，need 499 - 2',NULL,0,'2025-03-05 07:28:35','2025-03-05 17:28:35'),(778,500,2,'自动响应内容，need 500 - 1',NULL,1,'2025-07-17 14:46:07','2025-07-18 10:46:07'),(779,501,2,'自动响应内容，need 501 - 1',NULL,0,'2025-10-13 23:45:24','2025-10-15 04:45:24'),(780,501,2,'自动响应内容，need 501 - 2',NULL,2,'2025-10-20 10:45:24','2025-10-20 10:45:24'),(781,502,3,'自动响应内容，need 502 - 1',NULL,0,'2025-08-25 17:44:47','2025-08-27 03:44:47'),(782,504,2,'自动响应内容，need 504 - 1',NULL,1,'2025-02-10 01:41:12','2025-02-10 13:41:12'),(783,504,2,'自动响应内容，need 504 - 2',NULL,3,'2025-02-18 18:41:12','2025-02-19 15:41:12'),(784,504,3,'自动响应内容，need 504 - 3',NULL,1,'2025-02-17 11:41:12','2025-02-17 13:41:12'),(785,504,1,'自动响应内容，need 504 - 4',NULL,0,'2025-02-13 15:41:12','2025-02-14 21:41:12'),(786,507,2,'自动响应内容，need 507 - 1',NULL,0,'2025-04-14 18:49:54','2025-04-16 01:49:54'),(787,510,1,'自动响应内容，need 510 - 1',NULL,1,'2025-12-16 09:07:41','2025-12-17 13:07:41'),(788,510,1,'自动响应内容，need 510 - 2',NULL,1,'2025-12-20 21:07:41','2025-12-21 05:07:41'),(789,511,2,'自动响应内容，need 511 - 1',NULL,2,'2025-06-04 00:33:05','2025-06-06 00:33:05'),(790,513,3,'自动响应内容，need 513 - 1',NULL,0,'2025-05-23 13:45:49','2025-05-23 21:45:49'),(791,514,3,'自动响应内容，need 514 - 1',NULL,0,'2025-08-21 11:30:53','2025-08-21 14:30:53'),(792,514,3,'自动响应内容，need 514 - 2',NULL,0,'2025-08-27 00:30:53','2025-08-28 11:30:53'),(793,515,1,'自动响应内容，need 515 - 1',NULL,2,'2025-08-17 20:13:40','2025-08-19 03:13:40'),(794,516,1,'自动响应内容，need 516 - 1',NULL,0,'2025-01-16 03:56:07','2025-01-16 19:56:07'),(795,517,3,'自动响应内容，need 517 - 1',NULL,0,'2025-09-09 03:37:58','2025-09-09 18:37:58'),(796,517,1,'自动响应内容，need 517 - 2',NULL,0,'2025-09-17 01:37:58','2025-09-17 14:37:58'),(797,517,1,'自动响应内容，need 517 - 3',NULL,0,'2025-09-07 19:37:58','2025-09-09 09:37:58'),(798,518,3,'自动响应内容，need 518 - 1',NULL,0,'2025-05-26 07:53:12','2025-05-26 09:53:12'),(799,519,2,'自动响应内容，need 519 - 1',NULL,0,'2025-02-22 23:35:51','2025-02-24 00:35:51'),(800,521,2,'自动响应内容，need 521 - 1',NULL,1,'2025-10-18 05:35:11','2025-10-19 13:35:11'),(801,521,1,'自动响应内容，need 521 - 2',NULL,1,'2025-10-16 13:35:11','2025-10-18 08:35:11'),(802,522,1,'自动响应内容，need 522 - 1',NULL,2,'2025-03-13 19:34:50','2025-03-15 01:34:50'),(803,523,1,'自动响应内容，need 523 - 1',NULL,0,'2025-08-31 14:18:16','2025-09-02 10:18:16'),(804,524,1,'自动响应内容，need 524 - 1',NULL,0,'2025-06-17 19:30:06','2025-06-19 02:30:06'),(805,524,1,'自动响应内容，need 524 - 2',NULL,1,'2025-06-10 08:30:06','2025-06-11 13:30:06'),(806,524,2,'自动响应内容，need 524 - 3',NULL,0,'2025-06-15 22:30:06','2025-06-16 19:30:06'),(807,524,3,'自动响应内容，need 524 - 4',NULL,0,'2025-06-07 17:30:06','2025-06-09 14:30:06'),(808,525,3,'自动响应内容，need 525 - 1',NULL,0,'2025-02-10 06:46:13','2025-02-10 22:46:13'),(809,527,3,'自动响应内容，need 527 - 1',NULL,0,'2025-02-26 09:00:51','2025-02-27 07:00:51'),(810,527,3,'自动响应内容，need 527 - 2',NULL,1,'2025-02-27 10:00:51','2025-02-28 00:00:51'),(811,528,3,'自动响应内容，need 528 - 1',NULL,0,'2025-09-08 08:43:16','2025-09-10 01:43:16'),(812,528,3,'自动响应内容，need 528 - 2',NULL,0,'2025-09-06 15:43:16','2025-09-07 12:43:16'),(813,529,2,'自动响应内容，need 529 - 1',NULL,1,'2025-06-09 09:18:38','2025-06-11 00:18:38'),(814,529,3,'自动响应内容，need 529 - 2',NULL,0,'2025-06-17 02:18:38','2025-06-17 19:18:38'),(815,530,3,'自动响应内容，need 530 - 1',NULL,0,'2025-02-17 23:49:59','2025-02-18 21:49:59'),(816,531,3,'自动响应内容，need 531 - 1',NULL,0,'2025-06-28 08:12:38','2025-06-29 09:12:38'),(817,531,1,'自动响应内容，need 531 - 2',NULL,0,'2025-06-22 01:12:38','2025-06-22 16:12:38'),(818,533,2,'自动响应内容，need 533 - 1',NULL,1,'2025-07-07 10:58:50','2025-07-09 00:58:50'),(819,534,2,'自动响应内容，need 534 - 1',NULL,1,'2025-05-21 06:55:19','2025-05-23 06:55:19'),(820,535,1,'自动响应内容，need 535 - 1',NULL,0,'2025-05-08 07:14:54','2025-05-09 06:14:54'),(821,537,1,'自动响应内容，need 537 - 1',NULL,0,'2025-05-18 07:23:10','2025-05-18 09:23:10'),(822,538,2,'自动响应内容，need 538 - 1',NULL,1,'2025-06-16 10:07:00','2025-06-17 21:07:00'),(823,539,1,'自动响应内容，need 539 - 1',NULL,1,'2025-09-02 08:45:06','2025-09-02 23:45:06'),(824,539,2,'自动响应内容，need 539 - 2',NULL,0,'2025-08-27 16:45:06','2025-08-28 08:45:06'),(825,539,2,'自动响应内容，need 539 - 3',NULL,1,'2025-08-30 12:45:06','2025-09-01 01:45:06'),(826,540,2,'自动响应内容，need 540 - 1',NULL,0,'2025-06-02 17:41:53','2025-06-03 22:41:53'),(827,542,1,'自动响应内容，need 542 - 1',NULL,1,'2025-10-14 18:07:38','2025-10-15 17:07:38'),(828,542,1,'自动响应内容，need 542 - 2',NULL,0,'2025-10-06 20:07:38','2025-10-08 09:07:38'),(829,543,2,'自动响应内容，need 543 - 1',NULL,1,'2025-10-30 00:13:14','2025-10-31 19:13:14'),(830,544,1,'自动响应内容，need 544 - 1',NULL,3,'2025-12-26 00:19:18','2025-12-27 19:19:18'),(831,544,2,'自动响应内容，need 544 - 2',NULL,1,'2026-01-02 23:19:18','2026-01-04 19:19:18'),(832,545,3,'自动响应内容，need 545 - 1',NULL,0,'2025-05-11 10:42:04','2025-05-11 18:42:04'),(833,545,1,'自动响应内容，need 545 - 2',NULL,2,'2025-05-21 13:42:04','2025-05-23 03:42:04'),(834,545,2,'自动响应内容，need 545 - 3',NULL,0,'2025-05-15 03:42:04','2025-05-16 18:42:04'),(835,545,1,'自动响应内容，need 545 - 4',NULL,0,'2025-05-13 05:42:04','2025-05-13 09:42:04'),(836,546,3,'自动响应内容，need 546 - 1',NULL,1,'2025-10-21 06:15:28','2025-10-21 15:15:28'),(837,546,1,'自动响应内容，need 546 - 2',NULL,0,'2025-10-12 10:15:28','2025-10-13 16:15:28'),(838,547,1,'自动响应内容，need 547 - 1',NULL,2,'2025-01-30 06:43:10','2025-01-30 09:43:10'),(839,548,3,'自动响应内容，need 548 - 1',NULL,2,'2025-08-21 18:34:53','2025-08-22 07:34:53'),(840,548,3,'自动响应内容，need 548 - 2',NULL,0,'2025-08-14 06:34:53','2025-08-15 12:34:53'),(841,549,1,'自动响应内容，need 549 - 1',NULL,0,'2025-10-28 23:59:01','2025-10-29 04:59:01'),(842,549,2,'自动响应内容，need 549 - 2',NULL,1,'2025-10-24 00:59:01','2025-10-25 19:59:01'),(843,549,1,'自动响应内容，need 549 - 3',NULL,0,'2025-10-20 18:59:01','2025-10-21 04:59:01'),(844,550,3,'自动响应内容，need 550 - 1',NULL,0,'2025-03-25 08:48:33','2025-03-26 06:48:33'),(845,552,3,'自动响应内容，need 552 - 1',NULL,0,'2025-05-06 12:32:57','2025-05-06 13:32:57'),(846,553,2,'自动响应内容，need 553 - 1',NULL,3,'2025-07-09 22:21:03','2025-07-10 17:21:03'),(847,555,2,'自动响应内容，need 555 - 1',NULL,1,'2025-02-10 13:53:35','2025-02-11 01:53:35'),(848,555,3,'自动响应内容，need 555 - 2',NULL,0,'2025-02-05 00:53:35','2025-02-06 18:53:35'),(849,558,3,'自动响应内容，need 558 - 1',NULL,2,'2025-09-15 20:27:54','2025-09-15 21:27:54'),(850,558,3,'自动响应内容，need 558 - 2',NULL,0,'2025-09-16 00:27:54','2025-09-17 12:27:54'),(851,559,2,'自动响应内容，need 559 - 1',NULL,2,'2025-08-11 17:07:39','2025-08-12 02:07:39'),(852,560,2,'自动响应内容，need 560 - 1',NULL,2,'2025-11-13 15:41:39','2025-11-14 04:41:39'),(853,560,1,'自动响应内容，need 560 - 2',NULL,2,'2025-11-09 13:41:39','2025-11-10 20:41:39'),(854,560,2,'自动响应内容，need 560 - 3',NULL,0,'2025-11-13 23:41:39','2025-11-14 00:41:39'),(855,561,1,'自动响应内容，need 561 - 1',NULL,0,'2025-09-18 05:23:21','2025-09-18 23:23:21'),(856,561,2,'自动响应内容，need 561 - 2',NULL,0,'2025-09-12 00:23:21','2025-09-12 07:23:21'),(857,561,2,'自动响应内容，need 561 - 3',NULL,0,'2025-09-16 17:23:21','2025-09-18 05:23:21'),(858,561,2,'自动响应内容，need 561 - 4',NULL,0,'2025-09-12 18:23:21','2025-09-14 00:23:21'),(859,562,3,'自动响应内容，need 562 - 1',NULL,0,'2025-02-18 21:29:26','2025-02-19 20:29:26'),(860,563,1,'自动响应内容，need 563 - 1',NULL,0,'2025-12-15 07:18:12','2025-12-15 08:18:12'),(861,564,3,'自动响应内容，need 564 - 1',NULL,0,'2025-11-21 08:17:54','2025-11-22 11:17:54'),(862,565,3,'自动响应内容，need 565 - 1',NULL,0,'2025-05-18 22:21:58','2025-05-19 00:21:58'),(863,565,3,'自动响应内容，need 565 - 2',NULL,2,'2025-05-11 23:21:58','2025-05-12 01:21:58'),(864,565,3,'自动响应内容，need 565 - 3',NULL,0,'2025-05-21 09:21:58','2025-05-21 10:21:58'),(865,566,1,'自动响应内容，need 566 - 1',NULL,1,'2025-12-31 08:18:20','2026-01-01 13:18:20'),(866,567,2,'自动响应内容，need 567 - 1',NULL,0,'2025-07-13 07:45:38','2025-07-13 22:45:38'),(867,568,1,'自动响应内容，need 568 - 1',NULL,0,'2025-05-24 14:25:39','2025-05-26 03:25:39'),(868,568,1,'自动响应内容，need 568 - 2',NULL,0,'2025-05-18 06:25:39','2025-05-19 05:25:39'),(869,568,2,'自动响应内容，need 568 - 3',NULL,3,'2025-05-16 16:25:39','2025-05-17 18:25:39'),(870,569,2,'自动响应内容，need 569 - 1',NULL,0,'2025-03-24 10:04:10','2025-03-24 21:04:10'),(871,569,3,'自动响应内容，need 569 - 2',NULL,0,'2025-03-20 19:04:10','2025-03-21 02:04:10'),(872,569,3,'自动响应内容，need 569 - 3',NULL,0,'2025-03-24 21:04:10','2025-03-25 09:04:10'),(873,570,2,'自动响应内容，need 570 - 1',NULL,0,'2025-04-22 23:08:42','2025-04-24 09:08:42'),(874,571,2,'自动响应内容，need 571 - 1',NULL,1,'2025-12-20 15:04:08','2025-12-20 23:04:08'),(875,571,3,'自动响应内容，need 571 - 2',NULL,0,'2025-12-13 19:04:08','2025-12-15 10:04:08'),(876,572,1,'自动响应内容，need 572 - 1',NULL,1,'2025-12-19 05:55:17','2025-12-19 12:55:17'),(877,572,2,'自动响应内容，need 572 - 2',NULL,0,'2025-12-13 17:55:17','2025-12-14 18:55:17'),(878,573,2,'自动响应内容，need 573 - 1',NULL,1,'2025-01-17 11:11:00','2025-01-17 15:11:00'),(879,574,2,'自动响应内容，need 574 - 1',NULL,0,'2025-04-30 23:56:10','2025-05-01 18:56:10'),(880,574,2,'自动响应内容，need 574 - 2',NULL,0,'2025-04-27 14:56:10','2025-04-29 00:56:10'),(881,575,1,'自动响应内容，need 575 - 1',NULL,0,'2025-09-13 01:27:37','2025-09-14 04:27:37'),(882,576,2,'自动响应内容，need 576 - 1',NULL,0,'2025-06-28 11:32:31','2025-06-30 09:32:31'),(883,577,3,'自动响应内容，need 577 - 1',NULL,0,'2025-11-19 09:13:55','2025-11-20 07:13:55'),(884,577,3,'自动响应内容，need 577 - 2',NULL,0,'2025-11-19 23:13:55','2025-11-21 22:13:55'),(885,577,2,'自动响应内容，need 577 - 3',NULL,0,'2025-11-22 20:13:55','2025-11-23 05:13:55'),(886,578,2,'自动响应内容，need 578 - 1',NULL,0,'2025-09-25 15:22:35','2025-09-27 05:22:35'),(887,578,1,'自动响应内容，need 578 - 2',NULL,1,'2025-09-25 03:22:35','2025-09-25 15:22:35'),(888,578,2,'自动响应内容，need 578 - 3',NULL,0,'2025-10-02 02:22:35','2025-10-02 03:22:35'),(889,579,3,'自动响应内容，need 579 - 1',NULL,0,'2025-10-26 23:30:39','2025-10-27 18:30:39'),(890,580,3,'自动响应内容，need 580 - 1',NULL,1,'2025-02-10 13:54:09','2025-02-12 01:54:09'),(891,580,1,'自动响应内容，need 580 - 2',NULL,0,'2025-02-10 13:54:09','2025-02-12 10:54:09'),(892,581,3,'自动响应内容，need 581 - 1',NULL,0,'2025-01-21 12:26:39','2025-01-22 22:26:39'),(893,581,1,'自动响应内容，need 581 - 2',NULL,0,'2025-01-25 01:26:39','2025-01-25 23:26:39'),(894,583,1,'自动响应内容，need 583 - 1',NULL,0,'2025-09-24 14:28:11','2025-09-25 05:28:11'),(895,584,3,'自动响应内容，need 584 - 1',NULL,0,'2025-06-15 18:49:50','2025-06-16 15:49:50'),(896,586,2,'自动响应内容，need 586 - 1',NULL,1,'2025-01-13 09:52:31','2025-01-14 04:52:31'),(897,587,1,'自动响应内容，need 587 - 1',NULL,0,'2025-09-28 12:36:31','2025-09-29 06:36:31'),(898,588,3,'自动响应内容，need 588 - 1',NULL,0,'2025-04-24 20:07:05','2025-04-26 04:07:05'),(899,588,2,'自动响应内容，need 588 - 2',NULL,1,'2025-04-28 05:07:05','2025-04-28 10:07:05'),(900,589,2,'自动响应内容，need 589 - 1',NULL,2,'2025-11-26 03:05:40','2025-11-27 09:05:40'),(901,589,2,'自动响应内容，need 589 - 2',NULL,0,'2025-11-30 01:05:40','2025-12-01 09:05:40'),(902,589,1,'自动响应内容，need 589 - 3',NULL,2,'2025-11-30 05:05:40','2025-12-01 06:05:40'),(903,590,1,'自动响应内容，need 590 - 1',NULL,1,'2025-07-01 13:49:24','2025-07-02 06:49:24'),(904,591,1,'自动响应内容，need 591 - 1',NULL,0,'2025-05-12 21:36:12','2025-05-13 23:36:12'),(905,591,2,'自动响应内容，need 591 - 2',NULL,2,'2025-05-07 00:36:12','2025-05-07 11:36:12'),(906,592,1,'自动响应内容，need 592 - 1',NULL,1,'2025-05-21 08:36:02','2025-05-21 08:36:02'),(907,593,2,'自动响应内容，need 593 - 1',NULL,1,'2025-10-16 07:11:58','2025-10-17 14:11:58'),(908,593,1,'自动响应内容，need 593 - 2',NULL,1,'2025-10-13 21:11:58','2025-10-14 00:11:58'),(909,593,1,'自动响应内容，need 593 - 3',NULL,0,'2025-10-21 06:11:58','2025-10-22 22:11:58'),(910,593,2,'自动响应内容，need 593 - 4',NULL,3,'2025-10-19 07:11:58','2025-10-19 20:11:58'),(911,594,1,'自动响应内容，need 594 - 1',NULL,2,'2025-04-19 23:44:03','2025-04-20 11:44:03'),(912,595,3,'自动响应内容，need 595 - 1',NULL,0,'2025-04-07 17:08:52','2025-04-08 08:08:52'),(913,598,2,'自动响应内容，need 598 - 1',NULL,0,'2025-11-14 00:57:53','2025-11-14 05:57:53'),(914,599,2,'自动响应内容，need 599 - 1',NULL,0,'2025-09-11 03:09:13','2025-09-11 04:09:13'),(915,600,2,'自动响应内容，need 600 - 1',NULL,1,'2025-10-16 02:53:16','2025-10-16 11:53:16'),(916,600,1,'自动响应内容，need 600 - 2',NULL,1,'2025-10-18 10:53:16','2025-10-18 15:53:16'),(917,600,2,'自动响应内容，need 600 - 3',NULL,0,'2025-10-20 06:53:16','2025-10-21 13:53:16'),(918,600,1,'自动响应内容，need 600 - 4',NULL,0,'2025-10-17 01:53:16','2025-10-18 13:53:16'),(919,601,1,'自动响应内容，need 601 - 1',NULL,0,'2025-09-24 00:36:30','2025-09-24 11:36:30'),(920,604,1,'自动响应内容，need 604 - 1',NULL,2,'2025-08-28 05:12:38','2025-08-29 01:12:38'),(921,604,3,'自动响应内容，need 604 - 2',NULL,0,'2025-08-23 11:12:38','2025-08-24 02:12:38'),(922,604,3,'自动响应内容，need 604 - 3',NULL,0,'2025-08-29 07:12:38','2025-08-31 05:12:38');
/*!40000 ALTER TABLE `response` ENABLE KEYS */;
UNLOCK TABLES;

--
-- Table structure for table `success_service`
--

DROP TABLE IF EXISTS `success_service`;
/*!40101 SET @saved_cs_client     = @@character_set_client */;
/*!50503 SET character_set_client = utf8mb4 */;
CREATE TABLE `success_service` (
  `id` bigint NOT NULL AUTO_INCREMENT,
  `need_id` bigint NOT NULL,
  `need_user_id` bigint NOT NULL,
  `response_id` bigint NOT NULL,
  `response_user_id` bigint NOT NULL,
  `accept_date` date NOT NULL,
  PRIMARY KEY (`id`),
  UNIQUE KEY `need_id` (`need_id`),
  UNIQUE KEY `response_id` (`response_id`),
  CONSTRAINT `fk_ss_need` FOREIGN KEY (`need_id`) REFERENCES `need` (`need_id`),
  CONSTRAINT `fk_ss_response` FOREIGN KEY (`response_id`) REFERENCES `response` (`response_id`)
) ENGINE=InnoDB DEFAULT CHARSET=utf8mb4 COLLATE=utf8mb4_0900_ai_ci;
/*!40101 SET character_set_client = @saved_cs_client */;

--
-- Dumping data for table `success_service`
--

LOCK TABLES `success_service` WRITE;
/*!40000 ALTER TABLE `success_service` DISABLE KEYS */;
/*!40000 ALTER TABLE `success_service` ENABLE KEYS */;
UNLOCK TABLES;

--
-- Table structure for table `user`
--

DROP TABLE IF EXISTS `user`;
/*!40101 SET @saved_cs_client     = @@character_set_client */;
/*!50503 SET character_set_client = utf8mb4 */;
CREATE TABLE `user` (
  `id` bigint NOT NULL AUTO_INCREMENT,
  `username` varchar(255) DEFAULT NULL,
  `password` varchar(255) DEFAULT NULL,
  `user_type` int NOT NULL COMMENT '0-管理员 1-普通用户',
  `real_name` varchar(255) DEFAULT NULL,
  `phone` varchar(255) DEFAULT NULL,
  `profile` varchar(255) DEFAULT NULL,
  `register_time` datetime DEFAULT CURRENT_TIMESTAMP,
  `update_time` datetime DEFAULT CURRENT_TIMESTAMP ON UPDATE CURRENT_TIMESTAMP,
  PRIMARY KEY (`id`),
  UNIQUE KEY `username` (`username`)
) ENGINE=InnoDB AUTO_INCREMENT=4 DEFAULT CHARSET=utf8mb4 COLLATE=utf8mb4_0900_ai_ci;
/*!40101 SET character_set_client = @saved_cs_client */;

--
-- Dumping data for table `user`
--

LOCK TABLES `user` WRITE;
/*!40000 ALTER TABLE `user` DISABLE KEYS */;
INSERT INTO `user` VALUES (1,'admin','$2a$10$wthm8NvCRdipGMl56bSfr.FsGoEz.eAPxEraXSbLug.Mmc8WZFxRi',1,NULL,'1234567','','2025-12-25 23:21:42','2025-12-25 23:24:50'),(2,'lz','$2a$10$WEGGLO1Z9KHjrwUBjjRc4ejQe1njrrzoVEluBfvH.19Ci809aAygW',0,NULL,NULL,NULL,'2025-12-25 23:25:37','2025-12-25 23:25:37'),(3,'ljj','$2a$10$QC9ACsLE4jUsVEi5WwFoeeFfFOtXVav0Gpj/k3gVNW.ft7ngve0G.',0,NULL,NULL,NULL,'2025-12-26 00:23:52','2025-12-26 00:23:52');
/*!40000 ALTER TABLE `user` ENABLE KEYS */;
UNLOCK TABLES;
/*!40103 SET TIME_ZONE=@OLD_TIME_ZONE */;

/*!40101 SET SQL_MODE=@OLD_SQL_MODE */;
/*!40014 SET FOREIGN_KEY_CHECKS=@OLD_FOREIGN_KEY_CHECKS */;
/*!40014 SET UNIQUE_CHECKS=@OLD_UNIQUE_CHECKS */;
/*!40101 SET CHARACTER_SET_CLIENT=@OLD_CHARACTER_SET_CLIENT */;
/*!40101 SET CHARACTER_SET_RESULTS=@OLD_CHARACTER_SET_RESULTS */;
/*!40101 SET COLLATION_CONNECTION=@OLD_COLLATION_CONNECTION */;
/*!40111 SET SQL_NOTES=@OLD_SQL_NOTES */;

-- Dump completed on 2025-12-26  1:29:18
